,index,Material_Class,Composition_Formula,Hydrogen_Weight_Percent,Heat_of_Formation_kJperMolH2,Temperature_oC,Pressure_Atmospheres_Absolute,Entropy_of_Formation_JperMolH2perK,Equilibrium_Pressure_25C,LnEquilibrium_Pressure_25C,HtoM,
0,0,A2B,Th2Al,0.8,130,500,0.001,110.7111341,1.02E-17,-39.12734919,1.309570902,
1,1,A2B,Ti2Cu,2.2,130,500,0.12,150.5151017,1.22E-15,-34.33985744,1.184849764,
2,2,A2B,Zr2Cu,1.3,144,600,0.003,116.6219783,7.30E-20,-44.06415468,1.071442643,
3,3,A2B,Zr2Ni,1.3,183,604,0.003,160.3320844,2.06E-24,-54.53984259,1.050306833,
4,4,A2B,Mg2Ni,3.6,64.5,299,3.2,122.4032958,1.24E-05,-11.29768679,1.325125963,
5,5,A2B,Mg2Co0.25Ni0.75,3.1,64.5,279,1,116.8160826,6.33E-06,-11.96969861,1.135826976,
6,6,A2B,Mg2Fe0.25Ni0.75,3.3,65.2,300,1.9,119.0937814,6.28E-06,-11.97813154,1.20289422,
7,7,A2B,Mg2Cr0.25Ni0.75,3.2,61,250,0.9,115.7253731,2.28E-05,-10.68894995,1.154718997,
8,8,A2B,Mg2Cu0.25Ni0.75,3.2,59,250,1.2,114.2942123,4.30E-05,-10.05426495,1.186284381,
9,9,A2B,Mg2Ti0.25Ni0.75,3.2,59,250,1.3,114.9597001,4.66E-05,-9.974222238,1.143434343,
10,10,AB,ThCo,1.4,46.8,40,0.05,124.5421513,0.020240456,-3.900071891,2.049324255,
11,11,AB,ThNi,1.2,45.3,40,0.01,106.3709919,0.004167143,-5.480524559,1.751563163,
12,12,AB,Ti0.46Mn0.05V0.05Fe0.45,1.7,28.6,22,2,102.6628173,2.248848659,0.810418378,0.890843502,
13,13,AB,Zr0.04Ti0.96Nb0.04Fe0.95,1.7,31.8,30,1.4,107.6960487,1.133019834,0.124886488,0.917069223,
14,14,AB,Ti0.9Fe0.9B0.2,1.5,7.6,27,14,47.26221525,13.71689239,2.618628095,0.721408932,
15,15,AB,La0.1Ti0.9Co1,1.5,60,150,3.2,151.464311,0.002511245,-5.986976569,0.875513974,
16,16,AB,Zr0.1Ti0.9Fe1,1,28.9,30,3.3,105.258805,2.722722437,1.001632276,0.541364538,
17,17,AB,TiCo,1.3,57.8,150,2.2,143.1499481,0.002243992,-6.099498681,0.697762648,
18,18,AB,Ti1Fe0.5Co0.5,1.1,42.3,100,4,124.8851107,0.129577513,-2.043476019,0.580701743,
19,19,AB,Ti1Mn0.5Co0.5,1.6,46.9,120,3.2,128.9635115,0.033086627,-3.408626087,0.845291489,
20,20,AB,TiCu,1.6,126,500,0.15,147.1967123,4.11E-15,-33.12534177,0.898607885,
21,21,AB,TiFe,1.9,28.1,30,5.2,106.4005961,4.313248552,1.461691345,0.99637558,
22,22,AB,Ti1Fe0.6Ni0.4,1.5,48.6,50,0.035,122.522107,0.007679702,-4.869174591,0.792024414,
23,23,AB,Ti1Mn0.2Fe0.7,2,34.7,40,1.4,113.6069999,0.716015777,-0.334053078,1.043703103,
24,24,AB,Ti1Be0.2Fe0.8,1.4,30.5,21,0.7,100.7231421,0.827489547,-0.189358803,0.664479353,
25,25,AB,Ti1V0.05Fe0.8Ni0.15,1.3,41,150,7,113.0709613,0.052865188,-2.940010227,0.678776025,
26,26,AB,Ti1Fe0.8Ni0.2,1,41.9,50,0.28,119.077509,0.075726177,-2.580631375,0.52249519,
27,27,AB,Ti1Mn0.05Fe0.95,1.6,29.3,50,9,108.938042,3.606705906,1.282794864,0.836129277,
28,28,AB,Ti1Al0.1Fe0.9,1.3,30,25,1.2,102.1363435,1.2,0.182321557,0.658728902,
29,29,AB,Ti1Fe0.9Co0.1,1.5,30.6,50,5,108.0739898,1.924057491,0.654436233,0.785750691,
30,30,AB,Ti1Cr0.1Fe0.9,1.1,30.5,150,20,96.98545362,0.527864419,-0.638915811,0.570059449,
31,31,AB,Ti1Mn0.1Fe0.9,1.9,29.5,25,2.6,106.8877589,2.6,0.955511445,0.995504256,
32,32,AB,Ti1Fe0.9Ni0.1,1.4,35.6,50,1.8,115.0525096,0.59258495,-0.523261041,0.732454643,
33,33,AB,ErAg,0.3,35.2,790,0.01,-5.178960397,3.65E-07,-14.82294708,0.410647418,
34,34,AB,HfCo,1.3,59,50,0.001,125.1455745,0.000158604,-8.749098387,1.551167929,
35,35,AB,HfNi,1.3,50,50,0.02,122.2017257,0.004200788,-5.472483267,1.549601265,
36,36,AB,Li0.94Pd1,0.9,69.2,300,0.02,88.21110067,3.05E-08,-17.30624067,0.524531814,
37,37,AB,UCo,0.6,55,150,0.08,108.9782398,0.00011392,-9.080012075,0.889150693,
38,38,AB,Hf0.5Zr0.5Co1,1.1,76.2,200,0.2,147.6671706,2.31E-06,-12.97892928,1.0691476,
39,39,AB,Hf0.3Zr0.7Co1,1.4,80.3,200,0.03,140.5595416,1.88E-07,-15.48779355,1.241949762,
40,40,AB,ZrCo,1.7,76.3,200,0.005,117.2085898,5.69E-08,-16.68272933,1.288104278,
41,41,AB,Zr1Co0.84Ni0.16,1.6,83,250,0.01,120.3661885,5.57E-09,-19.00579188,1.210791939,
42,42,AB,ZrNi,2,64,300,1,111.6636134,4.17E-06,-12.38771576,1.517628361,
43,43,AB2,CaNi2,2.1,85,25,0.05,260.1844025,0.05,-2.995732274,1.116961752,
44,44,AB2,DyFe2,1.5,58,80,0.0001,87.65992598,2.61E-06,-12.85434008,1.380781162,
45,45,AB2,Ce0.5Th1.5Al1,0.4,133,650,0.0003,76.62973059,5.03E-20,-44.4367801,0.591116621,
46,47,AB2,Zr0.5Ti0.5Mn1.2Fe0.3,1.9,39,120,1.5,102.5698805,0.033499469,-3.396225702,1.169954705,
47,48,AB2,Zr0.5Ti0.5Mn2,1.8,40,70,1.5,119.9382003,0.180751725,-1.710630874,1.087561767,
48,49,AB2,Zr0.4Ti0.6Mn1.4Cr0.4Cu0.2,1.8,48,20,0.3,153.728679,0.417402829,-0.873703506,1.064583352,
49,50,AB2,Zr0.4Ti0.6Mn1.9Cu0.1,1.7,40.6,20,0.5,132.7327148,0.661136868,-0.413794399,1.006224081,
50,51,AB2,Zr0.3Ti0.7Mn1.9Mo0.1,1.7,41,17,0.9,140.4302368,1.420024942,0.350674436,0.999954435,
51,52,AB2,Zr0.2Ti0.8Cr1.8,,23,0,3,93.33685621,7.013375852,1.947819162,,
52,53,AB2,Zr0.2Ti0.8Mn1Cr1,,30,0,2,115.5926997,6.054539488,1.800808319,,
53,54,AB2,Zr0.2Ti0.8Mn0.8Cr1Fe0.2,1.8,28,20,12,116.1741508,14.54960347,2.67756374,0.991986325,
54,55,AB2,Zr0.2Ti0.8Mn1.2Cr0.8,2,28.9,20,5,111.9654652,6.099992566,1.808287552,1.10720315,
55,56,AB2,Zr0.2Ti0.8Mn1.2V0.2Cr0.6,1.9,30.5,20,2.2,110.597659,2.713708032,0.998315977,1.049419886,
56,57,AB2,Zr0.2Ti0.8Mn1.4V0.2Cr0.4,1.9,29,20,9,117.1935393,10.98754412,2.396762278,1.053188376,
57,58,AB2,Zr0.2Ti0.8Mn1.5Cr0.5,2,27.5,30,10,109.8582265,8.327888944,2.119609996,1.113159469,
58,59,AB2,Zr0.2Ti0.8Mn1.5Cu0.5,1.6,27,30,3,98.19885664,2.50669214,0.918964012,0.91795967,
59,60,AB2,Zr0.2Ti0.8Mn1.5Fe0.5,1.7,25.4,30,11,103.7233867,9.289575147,2.22889282,0.954303667,
60,61,AB2,Zr0.2Ti0.8Mn1.5V0.5,2,45.6,30,0.5,144.657648,0.369149651,-0.99655316,1.109600863,
61,62,AB2,Zr0.2Ti0.8Mn1.6V0.2Cr0.2,1.9,30.5,20,2,109.805235,2.467007302,0.903005797,1.056956866,
62,63,AB2,Zr0.2Ti0.8Mn1.7V0.2Mo0.1,2,35,14,1,121.8875152,1.717513007,0.540877318,1.145363463,
63,64,AB2,Zr0.2Ti0.8Mn1.8Mo0.2,1.7,29,20,4,110.4513365,4.883352942,1.585832062,0.998607605,
64,65,AB2,Zr0.2Ti0.8Mn0.2V0.6Fe0.2Ni0.8Pd0.1,1.3,46.5,25,0.01,117.6736471,0.01,-4.605170186,0.751815257,
65,66,AB2,Zr0.05Ti0.95Mn0.8Cr1.2,1.7,21.9,20,5.5,88.87932872,6.394469394,1.85543346,0.894327342,
66,67,AB2,Ti1V1.4Ni0.6,2.9,28.8,60,0.4,78.82935932,0.118023154,-2.136874458,1.524921486,
67,68,AB2,Ti1V1.6Ni0.4,3.3,33.2,120,1,84.44614015,0.039308632,-3.236311151,1.724937173,
68,69,AB2,Ti1V1.8Ni0.2,3.6,35.3,90,0.08,76.20570216,0.006253552,-5.074605619,1.868459544,
69,70,AB2,TmFe2,1.6,56.8,80,0.003,112.5400323,8.46E-05,-9.377749598,1.508927012,
70,71,AB2,UAlNi,0.5,74.6,100,0.0003,132.4774063,7.08E-07,-14.16044842,0.537914188,
71,72,AB2,Zr1Cr0.5Fe1.5,1.4,25.6,45,3,89.59922662,1.567375786,0.449402747,0.943719245,
72,73,AB2,Zr1Mn0.48V0.48Ni1.44,1.6,39.9,30,0.3,121.6079896,0.230051281,-1.469453036,1.074923698,
73,74,AB2,Zr0.5Ti0.5Cr1Fe1,1.8,27,23,4,102.6958869,4.305323098,1.459852187,1.0752267,
74,75,AB2,Ho0.4Zr0.6Co2,1,29.3,50,2,96.43290338,0.801490201,-0.221282533,0.796900613,
75,76,AB2,Zr0.76Ti0.24Mn0.63V0.14Fe0.18Ni1.16,1.6,29.7,30,5,111.352424,4.103436558,1.411824808,1.040988705,
76,77,AB2,Zr1Cr2Fe0.8,1.2,46.5,100,0.8,122.7595152,0.018435843,-3.993458508,0.76067002,
77,78,AB2,Zr1Cr2Ni0.8,1.4,37.9,100,1,101.5677342,0.046281665,-3.073009395,0.897695367,
78,79,AB2,Zr1Cr1Fe1.2,1.4,34,120,7,102.6595933,0.254517826,-1.368384403,0.925430418,
79,80,AB2,Zr1Cr1Fe1.6,1.2,29.1,30,2.5,103.61027,2.059925487,0.722669811,0.778428778,
80,81,AB2,Zr1Cr1Fe1.8,1.3,19,23,6,79.05365048,6.318756191,1.843522384,0.838128942,
81,82,AB2,Zr1Cr1Fe1Co0.8,1.1,20,0,10,92.36390115,20.92669993,3.041025852,0.714925642,
82,83,AB2,Zr1Cr1Fe1Cu0.8,1.2,28,23,3,103.6807197,3.237801267,1.174894478,0.792409604,
83,84,AB2,Zr1Mn0.8Cr1Fe1,1.4,32,23,0.6,103.8062659,0.654655603,-0.423645978,0.900826246,
84,85,AB2,Zr1Cr1Fe1Ni0.8,1.1,21,0,8,94.16964231,17.37103804,2.854804339,0.714368607,
85,86,AB2,Zr1Cr1Fe1.4,1.7,21,23,1,70.91001182,1.05887989,0.057211642,1.117222444,
86,87,AB2,Zr1Cr0.6Fe1.4,1.5,29.9,20,3,111.1296027,3.685265379,1.304342539,1.010216038,
87,88,AB2,Zr1Cr1Fe1.5,1.5,23,23,1.5,81.03444765,1.596997778,0.468125478,0.979780034,
88,89,AB2,Zr1V0.5Fe1.5,1.6,32.2,50,0.25,88.11825637,0.091516978,-2.391230769,1.077893115,
89,90,AB2,Zr1Al0.4Fe1.6,1,36,24,10,140.2949924,10.50087528,2.351458614,0.639224973,
90,91,AB2,ZrCrFe,1.7,49.4,50,0.1,133.7261256,0.021400953,-3.844319831,1.138436321,
91,92,AB2,ZrMnFe,1.6,31,150,10,92.40413183,0.248665319,-1.391647386,1.086199536,
92,93,AB2,ZrFeMo,1.2,29.8,30,0.6,94.05408558,0.492084863,-0.709104093,0.976033835,
93,94,AB2,ZrVFe,1.6,48.1,50,0.0012,92.93095923,0.000267445,-8.226596493,1.064709963,
94,95,AB2,Zr1Mn1.11Fe1.22,1.3,29.4,30,2,102.7446281,1.64465423,0.497530168,0.864583914,
95,96,AB2,Zr1Mn1.22Fe1.11,1.5,13,23,1,43.89667398,1.036051373,0.035416731,0.999169787,
96,97,AB2,Zr1Mn1.22Fe1.14,1.2,31,40,2,104.7570282,1.098690264,0.094118802,0.795801442,
97,98,AB2,Zr1Mn1.2Fe0.4,1.5,33,50,0.4,94.50157179,0.142816526,-1.946194504,1.042931367,
98,99,AB2,Zr1Mn1.53Fe1.27,1,9,23,4,41.9158768,4.099289378,1.410813636,0.649251387,
99,100,AB2,Zr1Mn1.8,1.6,38.8,50,0.1,100.9240213,0.029792391,-3.513502256,1.095259302,
100,101,AB2,ZrMn2,1.7,37.4,50,0.01,77.44760929,0.003112296,-5.772394461,1.150074255,
101,102,AB2,Zr1Mn2.5,1.4,32,50,0.07,76.91570972,0.0257852,-3.657954604,0.919898872,
102,103,AB2,Zr1Mn2.6Fe0.2,1.4,15,100,0.12,22.57010351,0.035561412,-3.336494168,0.909042075,
103,104,AB2,Zr1Mn2.7,1.3,33.6,100,3,99.17825539,0.196765163,-1.625744325,0.846003782,
104,105,AB2,Zr1Mn2.8,,29.9,23,0.3,90.95232883,0.325460452,-1.122514323,,
105,106,AB2,Zr1Mn2.8Fe0.4,1.2,23,100,0.12,44.00920307,0.018589646,-3.985150504,0.767109297,
106,107,AB2,Zr1Mn2Co0.8,,20.9,23,4,82.09821683,4.234365809,1.443233567,,
107,108,AB2,Zr1Mn2Cu0.8,,31.6,23,0.06,83.31154042,0.065394258,-2.727320817,,
108,109,AB2,Zr1Mn2Fe0.8,,25,23,0.5,78.65374487,0.535241045,-0.625038083,,
109,110,AB2,Zr1Mn2Fe1.2,0.7,6.8,25,3,31.941349,3,1.098612289,0.446435382,
110,111,AB2,Zr1Mn2Ni0.8,,25,23,1.6,88.32436564,1.712771343,0.538112727,,
111,112,AB2,ZrMn3,1.3,29.2,50,0.6,86.11342824,0.241198649,-1.422134416,0.836392888,
112,113,AB2,Zr1Mn3.8,1.2,17,30,0.7,53.11239705,0.625135519,-0.469786822,0.753055945,
113,114,AB2,Zr1Mn1Fe0.7Co0.3,1.2,17.6,30,4,69.5829392,3.557970503,1.269190299,0.815072551,
114,115,AB2,ErFe2,1.5,57.9,80,0.001,106.5208188,2.63E-05,-10.54547223,1.404746797,
115,116,AB2,GdCo2,1.5,48,200,2,107.2106797,0.001551183,-6.468737145,1.385446328,
116,117,AB2,GdRh2,0.9,49,142,6,132.926601,0.022842785,-3.779119973,1.090351857,
117,118,AB2,GdRu2,1,60,225,3,129.5796861,0.000180607,-8.619188054,1.200463631,
118,119,AB2,Ho0.6Zr0.4Co2,1,33,50,0.2,88.73863592,0.071408263,-2.639341685,0.846140579,
119,120,AB2,Ho0.8Zr0.2Co2,1.2,25,50,0.2,63.9823308,0.091660106,-2.389668043,1.076631667,
120,121,AB2,LaRh2,1.4,44.3,244,2,91.42473612,0.001033503,-6.8748014,1.618569557,
121,122,AB2,LiPd2,0.8,51,300,0.16,73.74556823,8.26E-06,-11.70404246,0.586120178,
122,123,AB2,YMgNi4,1.05,35.8,40,4,125.8480815,2.002733908,0.694513201,0.61055045,
123,124,AB2,PrCo2,1.5,67,100,0.001,122.1202831,4.37E-06,-12.3402521,1.303148618,
124,125,AB2,Zr0.02Ti0.98Mn1.5V0.43Cr0.05Fe0.09,1.9,27.4,20,9,111.7355826,10.8672459,2.385753302,1.005600859,
125,126,AB2,Zr0.15Ti0.9Mn1.6V0.2Cr0.2,2.1,15.4,25,7,67.83045947,7,1.945910149,1.152985175,
126,127,AB2,Zr0.2Ti0.9Mn1.4V0.2Cr0.4Fe0.2,2.1,25.5,25,3,94.66145633,3,1.098612289,1.163280552,
127,128,AB2,Zr0.2Ti0.9Mn1.4V0.2Cr0.4,2.1,26.7,25,1.9,94.88871407,1.9,0.641853886,1.161660344,
128,129,AB2,Zr0.2Ti0.9Mn1.6V0.2Cr0.2Fe0.2,2.1,30,25,7,116.7990994,7,1.945910149,1.167074808,
129,130,AB2,Zr0.2Ti0.9Mn1.6V0.2Fe0.2Ni0.2,2,23.2,25,3.6,88.46306894,3.6,1.280933845,1.118583503,
130,131,AB2,Zr0.2Ti0.9Mn1.6V0.2Ni0.2,2.1,31.7,25,2.7,114.5803741,2.7,0.993251773,1.17489423,
131,132,AB2,Zr0.2Ti0.9Mn1.8V0.2Fe0.2,2,29.1,25,3,106.7359155,3,1.098612289,1.113975524,
132,133,AB2,Zr0.2Ti0.9Mn1.8V0.2,2.1,26,25,3,96.33846455,3,1.098612289,1.169738439,
133,134,AB2,Zr0.3Ti0.9Mn1.3V0.2Cr0.2Cu0.05Mo0.05,2,15.2,20,0.06,28.4594444,0.066615004,-2.708825439,1.150178021,
134,135,AB2,Zr0.1Ti0.9Mn1V0.1Cr0.9,1.7,22.5,30,24,100.6435277,20.66304694,3.028346933,0.909486921,
135,136,AB2,Ti1.2Mn0.1Cr1.9,1.8,20.1,-10,19.4,101.0360432,57.03937805,4.043741872,0.919035919,
136,137,AB2,Ti1.2Mn1Cr1,2,25.5,-10,5.7,111.3734196,22.39130848,3.108672869,1.03998715,
137,138,AB2,Ti1Cr1.8,1.9,19.7,-32,20,106.5988875,130.8676827,4.874186757,0.970732617,
138,139,AB2,TiCr2,1.8,29.7,-40,2,133.148739,56.45335214,4.033414671,0.920492678,
139,140,AB2,TiMnCr,,24,0,18,111.8948215,43.66298286,3.776500669,,
140,141,AB2,Ti1Mn0.85V0.15Cr1Fe0.3,1.6,20.9,20,6,86.19153222,6.927951885,1.935564226,0.83566581,
141,142,AB2,Ti1Mn1.3Fe0.11,1.7,32.7,24,6,124.9424047,6.272361493,1.836152917,0.892929566,
142,143,AB2,Ti1Mn1.4Ni0.1,,28,0,2,108.2707155,5.623556221,1.726964243,,
143,144,AB2,Ti1Mn1.5,1.9,27.9,0,1.8,107.0286322,5.042548071,1.617911524,1.00124884,
144,145,AB2,TiMn2,1.7,24.6,0,20,114.9674008,49.60116926,3.904014407,0.902119272,
145,146,AB2,Zr0.79Ti0.21Mn1Fe1.02,1.5,33,30,1.5,112.2281029,1.204295793,0.185894992,0.970580942,
146,147,AB2,Zr0.7Ti0.3Cr0.6Fe1.4,1.5,22,23,7,90.46528543,7.432380184,2.005846155,0.944714165,
147,148,AB2,Zr0.7Ti0.3Cr1Fe1,1.7,30,23,0.8,99.44476592,0.868131018,-0.141412634,1.064049826,
148,149,AB2,Zr0.7Ti0.3Mn2Fe0.8,0.8,14,25,2.6,54.90050417,2.6,0.955511445,0.490071344,
149,150,AB2,Zr0.7Ti0.3Mn1Fe1,1.7,10,23,2,39.52960816,2.055236281,0.72039082,1.080874558,
150,151,AB2,Zr0.8Ti0.2Cr0.6Fe1.4,1.6,27,23,3,100.3040524,3.228992323,1.172170114,1.032032413,
151,152,AB2,Zr0.8Ti0.2Mn1Fe1,1.4,30,30,1.6,102.8685953,1.310481245,0.270394432,0.90778137,
152,153,AB2,Zr0.9Ti0.1Cr0.55Fe1.45,1.6,1.03,10,2,9.400583759,2.044512028,0.715159144,1.05638042,
153,154,AB2,Zr1V0.5Co1.5,1.5,34.3,50,1.5,109.5137596,0.51426806,-0.665010631,1.032826437,
154,155,AB2,ZrCrCo,1.6,40.2,50,0.7,121.434981,0.199630925,-1.611284994,1.086985928,
155,156,AB2,ZrVCo,1.8,49.4,50,0.0023,102.3629473,0.000492222,-7.616580894,1.218957273,
156,157,AB2,Zr1Cr1.2Fe0.8,1.4,50.2,70,0.75,143.8998747,0.052687211,-2.943382529,0.931068853,
157,158,AB2,Zr1Cr1.2Ni0.8,2,56.4,70,0.25,152.8337378,0.012651371,-4.369989695,1.353620289,
158,159,AB2,ZrCr2,1.8,42,27,0.003,91.63189651,0.002679724,-5.922041393,1.183300601,
159,160,AB2,Zr1Cr2Co0.8,1,45.3,100,2,127.1618371,0.050799472,-2.979869326,0.639126109,
160,161,AB2,ZrMo2,1,22,-78,0.4,105.1156077,43.29076189,3.767939261,0.945646946,
161,162,AB2,ZrCrMo,1.3,27.6,25,0.2,79.18973089,0.2,-1.609437912,1.041677154,
162,163,AB5,CaNi4B,1.2,55.7,27,0.01,147.2857626,0.008609449,-4.754894973,0.573674973,
163,164,AB5,CaNi5,1.7,37.7,25,0.5,120.6834837,0.5,-0.693147181,0.953757697,
164,165,AB5,La0.5Ce0.5Cu2.5Ni2.5,1.1,22.9,23,2.2,83.88103941,2.341625378,0.850845294,0.818561315,
165,166,AB5,La0.4Ce0.6Ni5,1.5,22.3,25,28,102.4990446,28,3.33220451,1.090511411,
166,167,AB5,La0.2Ce0.8Cu0.3Ni4.7,1.5,21,23,18,94.94102218,19.05983803,2.9475834,1.094786565,
167,168,AB5,La0.2Ce0.8Ni5,1.5,23.8,23,30,108.6427759,32.00964433,3.466037243,1.091121017,
168,169,AB5,Ce0.2Pr0.8Co5,0.6,39,20,0.23,120.8185743,0.300793239,-1.201332165,0.43456702,
169,170,AB5,Ce0.4Pr0.6Co5,0.6,38.5,20,1,131.3320826,1.3033052,0.2649035,0.434408999,
170,171,AB5,Ce0.6Pr0.4Co5,0.6,38.5,20,1.26,133.2535821,1.642164553,0.496015221,0.434250977,
171,172,AB5,La0.7Ce0.7Ni5,1.4,25,20,11,105.2170556,13.06465552,2.569910532,1.075785892,
172,173,AB5,Ce0.8Pr0.2Co5,0.6,37,20,1.42,129.1306652,1.831690765,0.605239456,0.434092956,
173,174,AB5,CeCo5,0.6,39,20,1.45,136.1269325,1.8963052,0.639907361,0.433934934,
174,175,AB5,Ce1Mn0.75Ni4.25,1.4,24.7,23,1.1,84.19610456,1.176568285,0.162601969,1.011302879,
175,176,AB5,Ce1Al0.5Ni4.5,1.4,21.6,23,9,91.20408665,9.545509533,2.256070838,0.980690475,
176,177,AB5,Ce1Mn0.5Ni4.5,1.2,25.4,23,7,101.945954,7.501544949,2.015108992,0.86696172,
177,178,AB5,CeNi5,1.5,22.2,23,80,111.3948787,84.98778273,4.442507514,1.091730622,
178,179,AB5,Dy1Ga0.75Ni4.25,0.8,30.1,20,6,117.5747831,7.38068049,1.998865842,0.619025218,
179,180,AB5,Dy1Al0.5Ni4.5,1,27.3,20,20,118.0333803,24.13282476,3.183572937,0.735047347,
180,181,AB5,DyAlNi4,0.8,35.4,20,0.6,116.510206,0.765480134,-0.267252016,0.565709724,
181,182,AB5,Er1Al1.5Ni3.5,0.7,39.8,115,2.5,110.1558656,0.06041389,-2.806536239,0.481563313,
182,183,AB5,Er1Al0.5Ni4.5,0.8,25.4,0,25,119.7514455,63.86015337,4.156695589,0.593198057,
183,184,AB5,ErAlNi4,0.9,32.4,0,2.1,124.78473,6.946315496,1.938211375,0.644211803,
184,185,AB5,EuNi5,1.2,26,25,1.3,89.38576551,1.3,0.262364264,0.894525978,
185,186,AB5,Gd1Al0.5Ni4.5,0.9,32.7,20,7,127.725596,8.766223593,2.170906109,0.652991611,
186,187,AB5,GdAlNi4,0.9,41.5,20,0.2,128.1846286,0.266097477,-1.323892582,0.629182191,
187,188,AB5,Ho1Al0.5Ni4.5,0.9,24.1,0,22,113.9293287,53.56326979,3.980863568,0.664524454,
188,189,AB5,HoAlNi4,0.9,35.9,60,4,119.2851393,0.873543669,-0.135197158,0.640715034,
189,190,AB5,LaFeCuNi3,1.1,37.2,22,0.33,116.8200107,0.384378298,-0.95612806,0.798823997,
190,191,AB5,La1Al0.75Ni4.25,1.13,44.1,40,0.054,116.5599516,0.023030464,-3.77093741,0.772126298,
191,192,AB5,La1Co0.5Ni4.25Sn0.25,1.4,42.5,25,0.5,136.7827626,0.5,-0.693147181,1.050579684,
192,193,AB5,La1Ni4.4B0.6,0.62,33.5,25,0.3,102.3495292,0.3,-1.203972804,0.416368985,
193,194,AB5,La1Zn0.6Ni4.4,1.4,34.8,20,0.3,108.7005364,0.381163233,-0.964527563,1.024532882,
194,195,AB5,La1Al0.5Ni4.5,1.4,44.4,25,0.3,138.9083084,0.3,-1.203972804,0.977848535,
195,196,AB5,La1Mn0.3Al0.3Ni4.5,1.3,39.3,35,0.2,114.1541685,0.119561037,-2.123928269,0.91595724,
196,197,AB5,La1Si0.5Ni4.5,1,36.5,25,0.5,116.658664,0.5,-0.693147181,0.696563051,
197,198,AB5,La1Mn0.2Al0.15Ni4.65,1.5,38.8,20,0.6,128.108364,0.783598944,-0.243857941,1.074814227,
198,199,AB5,La1Al0.4Ni4.6,1.38,36.4,48,0.64,109.6321728,0.223592593,-1.497929663,0.97102089,
199,200,AB5,La1Mn0.1Cu0.3Ni4.6,1.4,32,35,1,103.8455298,0.657754547,-0.418923446,1.017609295,
200,201,AB5,La1Ga0.4Ni4.6,,35,20,0.3,109.382781,0.381688121,-0.963151441,,
201,202,AB5,La1Ni4.6Ge0.4,1.2,34.3,30,0.78,111.0795604,0.620840417,-0.476681208,0.879504671,
202,203,AB5,La1In0.4Ni4.6,1.2,39.8,20,0.05,110.8596779,0.065750765,-2.72188398,0.913385848,
203,204,AB5,La1Mn0.4Ni4.6,1.49,39.4,25,0.15,116.3752903,0.15,-1.897119985,1.077558245,
204,205,AB5,La1Si0.4Ni4.6,1,35.6,30,0.67,114.1039796,0.528693111,-0.637347147,0.701675001,
205,206,AB5,La1Ni4.6Sn0.4,1.26,38.5,20,0.08,110.332773,0.104264416,-2.260825145,0.962922638,
206,207,AB5,La1Al0.25Ni4.75,1.2,33.7,35,1.2,110.878174,0.77193325,-0.258857197,0.852380359,
207,208,AB5,La1Al0.3Ni4.7,1.44,34,25,0.42,106.8240211,0.42,-0.867500568,1.021516774,
208,209,AB5,La1Mn0.3Ni4.7,1.4,36.2,20,0.9,122.6102857,1.154557992,0.14371758,1.01242831,
209,210,AB5,La1Si0.3Ni4.7,1.1,33.8,25,1,113.3657555,1,0,0.778251758,
210,211,AB5,La1In0.15Ni4.85,,31.8,30,0.78,102.8328178,0.631253908,-0.460047108,,
211,212,AB5,La1Ni4.8Sn0.2,1.4,32.8,25,0.47,103.7343612,0.47,-0.755022584,1.043253207,
212,213,AB5,La1In0.07Ni4.93,,35.2,30,1.37,118.7315215,1.08394007,0.080602616,,
213,214,AB5,La1Ni4.95Sn0.05,1.3,32,100,14,107.6979405,1.045433867,0.044431983,0.948148165,
214,215,AB5,La1Al0.1Ni4.9,1.4,33,35,1.5,110.461804,0.97379965,-0.026549695,1.007628286,
215,216,AB5,La1Mn0.1Ni4.9,1.4,29,35,1.5,97.48111274,1.026151848,0.025815736,1.014191586,
216,217,AB5,La1Ni4.9Sn0.1,1.3,32,35,2.1,110.0141148,1.381284549,0.323013899,0.954683319,
217,218,AB5,La1Al0.5Cu0.5Ni4,1.4,40,22,0.09,115.504267,0.106040949,-2.243929947,0.983544717,
218,219,AB5,LaCrNi4,0.54,34,25,0.04,87.27431337,0.04,-3.218875825,0.382130621,
219,220,AB5,LaCuNi4,1,33.9,60,4,113.2818375,0.950816301,-0.050434399,0.730227323,
220,221,AB5,LaFeNi4,0.8,34.5,40,0.11,91.81921006,0.056476225,-2.873935528,0.572735415,
221,222,AB5,La1Fe0.5Cu0.5Ni4,1.3,36.1,22,0.48,116.2083531,0.556579623,-0.585945041,0.943795367,
222,223,AB5,La0.8Ce0.2Co0.5Ni4.25Sn0.25,1.2,38.2,25,0.8,126.2681768,0.8,-0.223143551,0.899160207,
223,224,AB5,La0.8Ce0.2Ni4.8Sn0.25,1.2,32.4,25,1.1,109.4625565,1.1,0.09531018,0.897335113,
224,225,AB5,La0.13Ce0.35Pr0.52Co5,0.8,40,50,3.6,134.4314133,1.0331017,0.032565636,0.580085478,
225,226,AB5,La0.1Ce0.9Co5,0.6,41,20,0.84,138.4105381,1.113771093,0.107751639,0.433814117,
226,227,AB5,La0.2Ce0.8Co5,0.6,44,20,0.72,147.3625736,0.974571677,-0.02575721,0.4336933,
227,228,AB5,La0.2Pr0.8Co5,0.7,38,20,0.23,117.4073514,0.298730701,-1.208212776,0.507223235,
228,229,AB5,La0.4Ce0.6Co5,0.6,38,20,0.65,126.0448734,0.844238939,-0.169319722,0.433451665,
229,230,AB5,La0.4Pr0.6Co5,0.9,29,20,17,122.481251,20.75425,3.032751045,0.652858994,
230,231,AB5,La0.65Ce0.28Pr0.07Co5,1,47,50,1.1,146.2357166,0.253720385,-1.371522466,0.724925422,
231,232,AB5,La0.66Ce0.2Pr0.14Co5,1,41,50,0.9,126.0000797,0.250339338,-1.38493793,0.724997756,
232,233,AB5,La0.6Pr0.4Co5,0.9,43,20,0.17,131.9502548,0.228529358,-1.476090595,0.652257696,
233,234,AB5,La0.75Ce0.25Al0.2Cu0.8Ni4,1.4,33.5,22,0.7,110.5361572,0.803071259,-0.219311828,1.010007724,
234,235,AB5,La0.75Ce0.25Al0.1Cu0.9Ni4,1.4,32.9,22,1,111.4687447,1.144425634,0.134902881,1.018591899,
235,236,AB5,La0.75Ce0.25Ti0.1Cu0.9Ni4,1.4,38.4,22,1.1,130.8957613,1.287580936,0.252765215,1.023495141,
236,237,AB5,La0.75Pr0.25Al0.2Cu0.3Ni4.5,1.4,34.2,22,0.8,114.0180338,0.920433834,-0.082910161,1.004776178,
237,238,AB5,La0.7Ce0.3Co5,0.7,42,20,0.17,128.5390319,0.226962334,-1.482971206,0.505779582,
238,239,AB5,La0.8Ce0.2Co5,0.8,34,20,0.18,101.7244726,0.227442533,-1.480857675,0.578455089,
239,240,AB5,La0.8Pr0.2Co5,0.9,38,20,0.11,111.2748365,0.142871205,-1.945811719,0.651656397,
240,241,AB5,LaCo5,1,42.3,30,0.06,116.1437397,0.045281366,-3.094859684,0.724125256,
241,242,AB5,LaCu5,0.8,42.7,101,5,127.5064735,0.151139641,-1.889551097,0.608886262,
242,243,AB5,LaCu3Ni2,0.9,32,35,1.1,104.6379538,0.723530002,-0.323613266,0.67111484,
243,244,AB5,LaFe(CuNi)2,1.1,36.9,22,0.55,120.0506638,0.639842931,-0.446532553,0.807747987,
244,245,AB5,La1Al0.98Ni3.92,1.1,42,250,5,93.66402436,0.00342168,-5.677623666,0.739517624,
245,246,AB5,La1Cr0.5Cu1.5Ni3,1.1,35.5,22,0.62,116.3033592,0.717148819,-0.332471902,0.802366026,
246,247,AB5,LaCu2Ni3,1.1,33,35,1.8,111.9776544,1.168559579,0.155771862,0.81298623,
247,248,AB5,LaNi5,1.8,30.1,-40,0.1,109.9573783,2.952549887,1.082669165,1.310410211,
248,249,AB5,La1Mn0.05Al0.05Ni5.2,0.8,26.8,20,1.3,93.60211256,1.563246303,0.446764623,0.569188338,
249,250,AB5,La1Mn0.1Al0.05Ni5.5,1,26,20,1.6,92.59948091,1.913433934,0.648899499,0.706073221,
250,251,AB5,La1Mn0.33Ni6.37,0.8,23.2,20,2,84.90330769,2.346153882,0.852777341,0.55163217,
251,252,AB5,LaCo4Ni,1,45,40,0.15,127.9281445,0.062870558,-2.766677309,0.723724764,
252,253,AB5,NdCo5,0.62,42.7,22,0.7,141.7067484,0.833944667,-0.181588226,0.452745755,
253,254,AB5,Nd1Ni4.6Sn0.4,1,26.4,20,1.4,92.85376885,1.678868997,0.518120351,0.771130017,
254,255,AB5,Nd1Ni4.8Sn0.2,1.1,25.7,20,6.5,103.23089,7.75729634,2.048633864,0.827026444,
255,256,AB5,Nd1Ni4.9Sn0.1,1.2,27.9,20,10,114.3171781,12.11632992,2.494554123,0.891071147,
256,257,AB5,NdNi5,1.33,27.8,30,18,115.7347874,14.96030812,2.705400569,0.97552905,
257,258,AB5,PrCo5,0.8,40,20,0.49,130.5180125,0.645244817,-0.438125473,0.580802005,
258,259,AB5,Pr1Cu2.5Ni2.5,0.8,19.3,23,25,91.93192294,26.34967783,3.271456048,0.595379638,
259,260,AB5,Pr1Fe0.5Ni4.5,1.26,20.5,23,6,84.11865132,6.344630911,1.847608929,0.913490079,
260,261,AB5,PrNi5,1.4,29,20,10,118.0695234,12.20838236,2.502122794,1.019773707,
261,262,AB5,SmCo5,0.64,34.9,20,3.2,128.7223008,4.068539591,1.403284112,0.473960304,
262,263,AB5,Tb1Al0.5Ni4.5,1.1,26.9,20,10,110.9059552,12.03324833,2.487673512,0.802795802,
263,264,AB5,TbAlNi4,0.9,33.7,20,0.9,114.0822284,1.13486767,0.126516054,0.631697913,
264,265,AB5,YCo5,0.73,32.2,31,28,133.5732928,21.67052756,3.07595316,0.466379824,
265,266,AB5,Y1Al0.75Ni4.25,1.1,24.3,21,6,97.50788592,6.855586068,1.925063804,0.659449462,
266,267,AB5,Y1Al0.5Ni4.5,1.1,22.4,20,20,101.3183879,23.33274984,3.149857946,0.674029087,
267,268,AB5,YAlNi4,1,40.8,60,3,131.6013943,0.532300026,-0.630547989,0.58565314,
268,269,Mg,MgNi,2,40,25,0.004,88.2543534,0.004,-5.521460918,0.840200842,
269,270,Mg,CeMg2,3.1,101,216,0.1,187.3365711,1.23E-08,-18.21219546,1.996585281,
270,271,Mg,Mg1.7Al0.3Ni1,2.7,76.2,312,4.5,142.7281584,1.27E-06,-13.57297761,0.992019909,
271,272,Mg,Mg1.92Al0.08Ni1,3.5,70.5,295,4,135.6128206,5.40E-06,-12.12934923,1.289550027,
272,273,Mg,Mg1.9Ti0.1Ni1,2.9,62.5,300,2.5,116.6646843,1.39E-05,-11.18108794,1.08303786,
273,274,Mg,CeMg12,3.8,65,341,9,124.1054107,1.24E-05,-11.29466704,1.30155684,
274,275,Mg,Mg14(TiAl4)3,3.8,73,337,4.2,131.5742317,1.21E-06,-13.62362303,1.091372241,
275,276,Mg,Mg2.23Ni1,3.9,67.3,323,4.9,126.1042051,6.26E-06,-11.98210197,1.407172356,
276,277,Mg,Mg2.42Ni1,3.9,63.1,301,3.2,119.5722144,1.55E-05,-11.07342578,1.383359163,
277,278,Mg,Mg2Al3,2.6,63.2,335,11,123.8582124,2.50E-05,-10.5982609,0.68617793,
278,279,Mg,Mg2Co,4.5,76,450,16,128.1475051,2.39E-07,-15.24600912,1.675754098,
279,280,Mg,Mg0.9Sc0.1,6.2,79.5,375,8,139.9456,2.41E-07,-15.23890829,1.729178993,
280,281,Mg,La0.125Mg0.708Al0.167,4.2,67,300,4.5,129.4029839,1.05E-05,-11.46431254,1.699592932,
281,282,Mg,Nd0.05Mg0.7Ni0.25,3.4,69,300,3,129.5213704,4.75E-06,-12.25689376,1.358248197,
282,283,Mg,La0.1Mg0.8Al0.1,4.8,76,302,5.5,146.3129886,2.13E-06,-13.06112386,1.802355985,
283,284,Mg,Nd0.05Mg0.8Ni0.15,4.9,76,300,1.6,136.5082258,6.54E-07,-14.24040883,1.812571343,
284,285,Mg,La0.1Mg0.85Al0.05,6.2,77,300,4.5,146.8504235,1.52E-06,-13.39989312,2.354014561,
285,286,Mg,La0.075Mg0.9Al0.025,5.1,68,308,5,130.3905007,7.90E-06,-11.74894742,1.757608661,
286,287,Mg,Mg1.5Ni1,2.6,29.1,300,3.7,61.64973629,0.013244053,-4.324206689,1.007921596,
287,288,Mg,Mg1.75Ni1,2.8,26.6,300,4.5,58.91532793,0.026132724,-3.644566965,1.051951095,
288,289,Mg,Mg2Cu,2.6,72.9,295,6,143.2081585,5.11E-06,-12.18399113,0.990045414,
289,290,Mg,Mg2Al0.125Cu1,2.8,63,330,11,124.3881115,2.88E-05,-10.45384432,1.056503816,
290,291,Mg,Mg2Al0.25Cu1,3,72,330,3,128.5073275,1.25E-06,-13.58909011,1.122515999,
291,292,Mg,Mg2Al0.375Cu1,3.2,76,330,3,135.1391769,5.55E-07,-14.40507357,1.188159391,
292,293,Mg,Mg2Fe,5.5,77.2,450,25,133.5174138,2.81E-07,-15.0842262,2.010380798,
293,294,Mg,Mg2Fe0.37Ni0.63,3.7,82,320,1.7,142.656691,1.22E-07,-15.92135256,1.349958794,
294,295,Mg,Mg2Al0.25Ni0.75,3.5,90,327,2,155.7254452,2.33E-08,-17.5767668,1.191894966,
295,296,Mg,Mg2V0.25Ni0.75,2.9,62.4,250,1,119.2774539,1.99E-05,-10.82649149,1.040627035,
296,297,Mg,Mg2Zn0.25Ni0.75,3.3,61.5,246,1,118.462872,2.59E-05,-10.56139758,1.22987691,
297,298,Mg,Mg2Al0.15Ni0.85,3.4,84,327,3,149.099046,1.18E-07,-15.95330743,1.193552035,
298,299,Mg,Mg2Mn0.25Ni0.75,3.2,58,250,1,110.8668642,4.26E-05,-10.06308504,1.162759207,
299,300,Mg,Mg2Zr0.3Ni0.7,3.5,59.8,340,10,116.6732113,4.15E-05,-10.09085483,1.404032096,
300,301,MIC,CeCo3,1,38.1,79,0.3,98.18251026,0.028414516,-3.56085515,0.793940358,
301,302,MIC,CeAlPt,0.3,24,22,1.2,82.83043622,1.324097312,0.280730954,0.360388247,
302,303,MIC,Dy2Co7,1.1,35.8,50,2,116.5474013,0.654330721,-0.424142366,0.90422068,
303,304,MIC,DyCo3,1.4,42.7,50,0.3,122.1267573,0.079134538,-2.536605867,1.19485148,
304,305,MIC,DyFe3,1,47.1,150,0.4,103.68986,0.00146026,-6.529140724,0.826807259,
305,306,MIC,Er2Co7,1.3,29.6,50,8,108.8871366,3.17608424,1.155649067,1.084608592,
306,307,MIC,Er6Fe23,0.8,50.4,0,2,148,,-2.530914829,0.631209777,
307,308,MIC,ErCo3,1.3,39.8,50,0.2,109.7814953,0.057753907,-2.85156428,1.123926924,
308,309,MIC,ErFe3,0.8,42.9,150,1.15,102.5444915,0.006925264,-4.972579134,0.669630856,
309,310,MIC,ErNi3,1.5,23.8,-40,1.2,103.5960563,17.44467119,2.859034226,1.296754895,
310,311,MIC,Gd2Co7,0.9,40,100,6,122.0924709,0.234213493,-1.451522214,0.72781258,
311,312,MIC,Gd3(AlNi3)2,1,33.6,300,5.6,72.94675243,0.008389418,-4.780784175,0.799730236,
312,313,MIC,GdCo3,1.4,45,150,3,115.4793049,0.014066162,-4.263983246,1.176363481,
313,314,MIC,GdFe3,1,50.4,150,0.18,104.849593,0.000443459,-7.720905427,0.813654902,
314,315,MIC,Ho2Co7,1.1,36.7,50,5,126.9506724,1.590518527,0.464060081,0.910179864,
315,316,MIC,Ho6Fe23,0.8,51.7,0,0.3,138,,-4.258115544,0.627355163,
316,317,MIC,HoCo3,1.2,36,100,6,111.3729211,0.323940946,-1.127194046,1.029406163,
317,318,MIC,HoFe3,1,44.6,150,0.63,101.5585401,0.003098109,-5.776963478,0.832895723,
318,319,MIC,Ca0.5La0.5Ni3,1.6,43.5,20,0.6,144.1411117,0.809353845,-0.211519072,1.070992769,
319,320,MIC,Ca1.5La0.5Mg1Ni9,1.9,35.4,20,0.7,117.7918393,0.893060156,-0.113101336,1.092196118,
320,321,MIC,Ca1La1Mg1Al0.3Ni6,1.9,30,20,0.4,94.71850087,0.491706925,-0.70987242,1.164309465,
321,322,MIC,CaLaMg(AlNi2)3,1.8,30,20,0.4,94.71850087,0.491706925,-0.70987242,0.964372827,
322,323,MIC,Ca1La1Mg1Mn0.3Ni6,1.8,32.3,20,1,110.1825004,1.248875711,0.222243715,1.118305934,
323,324,MIC,CaLaMg(MnNi2)3,1.8,32.3,20,1.3,112.3638386,1.623538424,0.48460798,1.091466342,
324,325,MIC,CaLaMgNi9,1.8,33,20,2.5,120.1885433,3.137263347,1.143350874,1.108538621,
325,326,MIC,La(MgCu)2,2.4,64.2,170,0.4,137.2537527,8.35E-05,-9.390499077,1.534970092,
326,327,MIC,Lu6Fe23,0.6,39.7,0,2,151.1043234,8.662055824,2.158952087,0.482004713,
327,328,MIC,LuCo3,1,32,20,5.9,123.9163696,7.353172724,1.995131883,0.881249461,
328,329,MIC,Mg51Zn20,3.6,80.9,330,8,151.4179629,5.44E-07,-14.42382407,1.32941581,
329,330,MIC,Mg6Pd,0.9,80.3,160,0.014,149.8954914,5.77E-07,-14.36489587,0.324669474,
330,331,MIC,Nd2Co7,1.2,56.7,125,0.9,141.5326559,0.002879121,-5.850270119,0.938532717,
331,332,MIC,NdCo3,1.3,54.5,20,0.29,175.6197651,0.421944669,-0.86288109,1.04873791,
332,333,MIC,Pr2Co7,1.1,54.6,150,2,134.7951939,0.002987051,-5.813468734,0.851275886,
333,334,MIC,PrCo3,1.3,54.2,100,0.02,112.7247182,0.000246865,-8.306669687,1.037845678,
334,335,MIC,SmCo3,0.6,59.4,69,0.2,160.2269439,0.009177601,-4.690989466,0.48978332,
335,336,MIC,Tb2Co7,1.1,40.4,50,2,130.7822767,0.566824974,-0.56770471,0.89545558,
336,337,MIC,TbCo3,1.4,46.9,75,0.6,130.4649639,0.039635255,-3.228036274,1.182263266,
337,338,MIC,TbFe3,1.1,48,150,0.23,101.2158325,0.000754257,-7.189777873,0.900546851,
338,339,MIC,ThAlNi,0.9,47,40,0.007,108.834248,0.002822734,-5.870049446,0.954161857,
339,340,MIC,Ti3Al,2.9,47,50,0.8,143.5880416,0.184523916,-1.689976197,1.263551122,
340,341,MIC,Y2Co7,1.3,38,20,0.25,118.1005994,0.324707284,-1.124831167,0.857093812,
341,342,MIC,Y4.3Sc0.7Si2.6Ge0.4,0.5,39.4,426,1.5,59.7252457,0.000164796,-8.710803081,0.321450128,
342,343,MIC,Y5Si3,0.4,53.3,398,0.3,69.40590656,1.94E-06,-13.15384628,0.26334791,
343,344,MIC,YCo3,1.5,44,75,0.45,119.7433865,0.035165029,-3.347703189,1.00354059,
344,345,MIC,Zr2Ni5,0.5,35,60,0.8,103.2025308,0.181501415,-1.706491829,0.338936035,
345,346,MIC,Zr3V3O,1.2,152,700,0.1,137.0497451,3.38E-20,-44.83445085,0.761684259,
346,347,MIC,Zr7Ni10,1.4,47,60,0.25,129.5517209,0.034108141,-3.378219191,1.015443331,
347,348,MIC,Ca1.03La0.65Mg1.32Ni9,,26.8,10,2,100.4124149,3.546232034,1.265885641,,
348,349,MIC,Ca1.5Y0.5Mg1Ni9,2,25.8,-10,2,103.8058772,7.984086909,2.077450424,1.108674018,
349,350,MIC,CaNi3,2,35,20,0.4,111.7746155,0.508917495,-0.675469368,1.094095198,
350,351,MIC,CaMgTiNi9,1.9,33.4,20,1.1,114.7272696,1.384200292,0.325122567,1.025547017,
351,352,MIC,Ce2Co7,0.9,43.3,100,0.9,115.1631423,0.026884296,-3.616212938,0.693507805,
352,353,SS,Co0.05Pd0.95,0.6,38.2,81,0.6,103.616814,0.052466742,-2.94757579,0.62305775,
353,354,SS,Cr0.05Pd0.95,0.6,29.6,30,0.26,86.44164714,0.213520723,-1.544021389,0.620980676,
354,355,SS,Ni0.025Pd0.95Rh0.025,0.7,32.6,50,0.32,91.40850557,0.115688462,-2.156854373,0.735278704,
355,356,SS,Ni0.05Pd0.95,,31.6,50,1.4,100.5848889,0.522182232,-0.649738648,,
356,357,SS,Pd0.95Pt0.05,0.6,33,30,0.17,94.12467056,0.136486856,-1.991526958,0.663823417,
357,358,SS,Pd0.95Rh0.05,0.7,34.2,30,0.13,95.85271754,0.103542273,-2.267775313,0.743008525,
358,359,SS,Sb0.05Pd0.95,0.5,34.6,100,0.07,70.61459482,0.004233616,-5.464698693,0.534353314,
359,360,SS,Sc0.05Pd0.95,0.5,37.4,50,0.04,88.97348103,0.012449185,-4.3861001,0.515208959,
360,361,SS,Pd0.96Pt0.04,0.5,37.4,80,0.4,98.28581996,0.038157144,-3.266042266,0.548210098,
361,362,SS,Pd0.972Ir0.028,0.5,30.7,25,0.1,83.82424597,0.1,-2.302585093,0.542505763,
362,363,SS,Mo0.025Pd0.975,0.5,30.8,30,0.16,86.36349438,0.13035242,-2.037513572,0.529223498,
363,364,SS,Pd0.975Rh0.025,0.7,36,30,0.056,94.78833079,0.044071823,-3.121934624,0.743622982,
364,365,SS,V0.02Pd0.98,0.5,30.8,25,0.1,84.15964761,0.1,-2.302585093,0.524998155,
365,366,SS,Co0.1Pd0.9,0.5,29.8,80,4,95.90927822,0.615101763,-0.485967556,0.506856303,
366,367,SS,Ni0.05Pd0.9Rh0.05,0.6,28.4,30,0.7,90.71754302,0.579471779,-0.545638317,0.621933656,
367,368,SS,Pd0.9Rh0.1,0.6,29.2,30,0.58,91.79300448,0.47758484,-0.73901346,0.635171445,
368,369,SS,Ti0.23Mn0.36V0.41,2.8,34,40,4,120.1000375,2.073619216,0.729295494,1.476712426,
369,370,SS,Ti0.3034Mn0.26V0.4366,,52.7,25,0.03,147.6025862,0.03,-3.506557897,,
370,371,SS,Ti0.296Mn0.1V0.504Fe0.1,,44.7,25,0.03,120.7704547,0.03,-3.506557897,,
371,372,SS,Ti0.138Mn0.08V0.782,,50.6,25,0.06,146.3220876,0.06,-2.813410717,,
372,373,SS,Ti0.1045V0.8455Fe0.05,3.3,42.9,40,4.5,149.5001889,1.964228239,0.675099414,1.722064089,
373,374,SS,Ti0.172Mn0.14V0.688,,48.6,25,0.04,136.2429533,0.04,-3.218875825,,
374,375,SS,Ti0.176Mn0.08V0.704Fe0.04,,48.5,25,0.08,141.6704875,0.08,-2.525728644,,
375,376,SS,Ti0.095V0.855Fe0.05,3.7,43.2,80,9.3,140.8683171,0.616228709,-0.484137104,1.939932366,
376,377,SS,Nb0.95Cr0.05,0.9,47.2,77,0.26,123.5995872,0.015378198,-4.174804513,0.81862536,
377,378,SS,Nb0.97Cr0.03,0.9,47.2,77,0.45,128.1604517,0.026616111,-3.626238561,0.825997113,
378,379,SS,Cu0.2Ni0.8,,5.1,25,3800,85.63707067,3800,8.242756346,,
379,380,SS,Pd0.75Rh0.25,0.8,25.4,0,5,106.3703228,12.77203067,2.547257677,0.844385041,
380,381,SS,Ag0.3Pd0.7,0.3,46,50,0.002,90.6795146,0.000475934,-7.650231539,0.318976155,
381,382,SS,Ni0.1Pd0.825Rh0.075,0.7,21.4,30,6.3,85.89473841,5.463894095,1.69816174,0.709016955,
382,383,SS,Pd0.85Rh0.15,0.7,31,50,2.7,104.1887355,1.026101235,0.025766411,0.740550695,
383,384,SS,Pd0.88Pt0.06Rh0.06,0.5,24.8,0,0.3,80.78258347,0.749532003,-0.288306263,0.555999093,
384,385,SS,Pd0.8Rh0.2,0.8,28.4,30,4.8,106.7247174,3.973520768,1.379652545,0.845790931,
385,386,SS,Pd0.9Pt0.1,0.3,30.7,80,3,96.06593587,0.435964504,-0.830194452,0.344146726,
386,387,SS,Co0.09Pd0.91,,27.2,20,4,104.3111353,4.823245123,1.573446964,,
387,388,SS,Ni0.09Pd0.91,,29.4,50,6.8,106.9170207,2.716575225,0.999371979,,
388,389,SS,Pd0.925Rh0.075,0.7,32.4,30,0.3,96.86776195,0.241822634,-1.419550737,0.742394068,
389,390,SS,Pd0.927Ir0.073,0.1,17,25,0.6,52.77119393,0.6,-0.510825624,0.111900771,
390,391,SS,Pd0.92Pt0.08,0.4,30.7,80,1.8,91.81885042,0.261578702,-1.341020075,0.452257921,
391,392,SS,Pd0.942Ir0.058,0.4,25.9,25,0.35,78.14063759,0.35,-1.049822124,0.443823811,
392,393,SS,Ti0.048Pd0.952,0.4,27.2,100,2.3,79.81787738,0.253466802,-1.372522422,0.412799834,
393,394,SS,Bi0.05Pd0.95,0.4,37.8,100,0.16,86.06337174,0.007465352,-4.897482655,0.444428587,
394,395,SS,V0.855Cr0.145,2.3,29.7,50,50,124.432964,19.78867116,2.98510961,1.193290514,
395,396,SS,Ti0.2V0.8,3.4,60,110,1.8,161.483585,0.008380138,-4.781890883,1.757271435,
396,397,SS,Zr0.975Nb0.025,2.2,219,800,0.2,190.6910014,3.91E-29,-65.41113753,2.036725936,
397,0,,V75Ti17.5Zr7.5,3.2,52.98,,,145.1,0.021249848,-3.851405525,1.752087433,10.1016/j.jallcom.2005.01.139
398,1,,LaNi4.7Sn0.3,1.5,36.51,,,112.6,0.320558835,-1.137689446,1.134017832,10.1016 / S0925-8388(03)00352-9
399,2,,V75Ti10Zr7.5Cr7.5,3.2,42.23,,,132.3,0.343601398,-1.068273019,1.762243621,10.1016/j.jallcom.2005.01.139
400,3,,LaNi4.8Sn0.2,1.3,32.83,,,104.3,0.518801844,-0.656233272,0.967753626,10.1016/j.jallcom.2005.01.029
401,4,,LaNi4.8Al0.2,1.3,30.4,,,101.6,0.996152949,-0.00385447,0.927800707,10.1016/S0925-8388(99)00173-5
402,5,,V0.85Ti0.1Fe0.05,3.4,42.9,,,148,1.734454519,0.550692966,1.776567635,10.1016/0022-5088(87)90526-1
403,6,,TiFe0.9Mn0.1,,29.7,,,107.7,2.749244481,1.01132614,,10.1016/0022-5088(80)90182-4
404,7,,La0.85Ce0.15Ni5,,24.3,,,92.28,3.773595219,1.328028186,,
405,8,,V92.5Zr7.5,3,40.32,,,147,4.339950546,1.467862953,1.65570347,10.1016/j.jallcom.2005.01.139
406,9,,La0.2Y0.8Ni4.6Mn0.4,1.3,27.1,,,105,5.65230817,1.732063987,0.851231053,10.1016/j.ijhydene.2009.12.020
407,10,,Zr0.7Ti0.3Mn2,1.4,21,,,85,5.926100553,1.779366417,0.883165192,10.1016/S0894-1777(98)10007-9
408,11,,Ti0.9Zr0.1Mn1.4Cr0.35V0.2Fe0.05,,25.89,,,106.9,11.55536386,2.447149733,,10.1007/s12598-011-0373-7
409,12,,La0.4Ce0.4Ca0.2Ni5,,28.2,,,115.3,12.53613086,2.528614944,,10.1016/j.matlet.2006.06.056
410,13,,Ti0.8Zr0.2CrMn,,24.6,,,108.6,23.81578583,3.170348631,,10.4028/www.scientific.net/MSF.31.1
411,14,,Zr0.8Ti0.2FeNi0.8V0.2,2.5,26.8,,,118.3,31.57636591,3.452408926,1.658023165,10.1016/j.jallcom.2011.01.198
412,15,,Ti0.77Zr0.3Cr0.85Fe0.7Mn0.25Ni0.2Cu0.03,,19.26,,,93.66,33.80666249,3.520657898,,
413,16,,TiCr1.9Mo0.01,2.2,24.8,,,113,37.30599485,3.619154034,1.132068052,10.1016/j.jallcom.2011.01.198
414,17,,TiCr1.9,2.5,26.19,,,122,62.974491,4.14272974,1.286433466,10.1016/j.jallcom.2011.01.198
415,18,,ZrFe1.8Cr0.2,1.8,22.3,,,109,63.01154205,4.143317917,1.22529471,10.1016/j.jallcom.2011.01.198
416,19,,(Ti0.97Zr0.03)1.1Cr1.6Mn0.4,1.55,23.4,,,115,83.318363,4.422668969,0.802384676,10.1016/j.jallcom.2005.11.001
417,20,,TiCr1.5Mn0.25Fe0.25,,19.32,,,101.6,85.75949534,4.451546813,,10.1007/s12598-011-0373-7
418,21,,TiCr1.5Mn0.2Fe0.3,,18.32,,,101,119.2821164,4.781491413,,10.1007/s12598-011-0373-7
419,22,,TiCrMn,2.1,19.6,,,106,130.0843717,4.868183253,1.098067366,10.1016/S0925-8388(99)00798-7
420,23,,ZrFe1.8Ni0.2,1.7,21.5,,,119.7,314.8175759,5.751993347,1.163705803,10.1016/j.jallcom.2011.01.198
421,24,,Ti0.86Mo0.14Cr1.9,2.4,17.2,,,117,1282.185912,7.156321644,1.290325867,10.1016/j.jallcom.2011.01.198
422,0,SS,NbTiVZrHf,2.2,61.8,315,0.17,88,5.88E-07,-14.35,2.059482293,10.1038/srep36770
423,1,SS,VTiZrNb,1.5,67.6,311,0.05,90.3,7.48E-08,-16.41,1.068629442,10.1021/acs.inorgchem.0c03270
424,2,SS,NbTiV0.5ZrHf,1.8,59.1,326,0.25,87.4,1.63E-06,-13.33,1.761703238,10.1021/acs.inorgchem.0c03270
425,3,SS,VTiAlCr,1.1,42.7,311,5.3,88.4,0.00137,-6.59,0.490426318,10.1021/acs.chemmater.1c00647
426,4,SS,VTiAlTaNb,1.25,56.1,301,0.8,92.1,9.60E-06,-11.55,1.003727895,10.1021/acs.chemmater.1c00647
427,5,SS,TiVCrNb,3,47.1,100,0.2,122,0.0132,-4.33,1.869407984,10.1016/j.actamat.2020.116496 
428,6,SS,TiVNb,3.1,67,220,,157,0.00029,-8.14,2.028205481,10.1016/j.intermet.2022.107590
429,7,SS,Al0.1Ti0.3V0.3Nb0.3,2.6,48.6,62.5,,154,0.339,-1.08,1.594561846,10.1016/j.intermet.2022.107590
430,8,SS,Ti23.333V23.333Nb23.333Cr30,3.1,49,50,,154,0.288,-1.24,1.914815894,10.1016/j.jallcom.2022.167609
431,9,SS,Ti21.667V21.667Nb21.667Cr35,2.8,39,50,,134,1.47,0.38,1.707158799,10.1016/j.jallcom.2022.167609
432,10,SS,Ti0.65Zr0.35MnCr0.8Fe0.2,1.8,23,50,,93,6.73,1.91,1.034974027,10.1016/j.ijhydene.2015.09.157
433,11,SS,Ti0.683Zr0.368MnCr0.8Fe0.2,2.05,26,50,,98,3.66,1.3,1.183899531,10.1016/j.ijhydene.2015.09.157
434,12,SS,Ti0.699Zr0.376MnCr0.8Fe0.2,2.1,25,50,,92,2.66,0.98,1.214274715,10.1016/j.ijhydene.2015.09.157
435,13,SS,Ti0.715Zr0.385MnCr0.8Fe0.2,2.2,28,50,,100,2.08,0.73,1.274552423,10.1016/j.ijhydene.2015.09.157
436,14,SS,Ti1.125Zr0.125Cr0.85Mn1.1Mo0.05,1.5,23,58,,109,46.1,3.83,0.811991733,10.3390/en13112751
437,0,AB2(C14),(Sc)(Fe)2,2.023679685,35.2,,,106.7,0.255005951,-1.366468397,1.07,[119]-??0.1016/j.jallcom.2022.165219
438,1,AB2(C14),(Sc0.5Ti0.5)(Fe)2,1.931901785,17.7,,,103.8,209.3912921,5.344204713,1.03,[119]-??0.1016/j.jallcom.2022.165219
439,2,AB2(C14),(Ti)(Al0.02Cr0.98)2,2.099682789,22.8,,,112,71.74473147,4.273114423,1.07,[218]-??0.1016/j.jallcom.2022.165219
440,3,AB2(C14),(Ti)(Al0.03Cr0.97)1.8,1.974535681,24,,,116,71.53088237,4.270129278,1,[218]-??0.1016/j.jallcom.2022.165219
441,4,AB2(C14),(Ti)(Al0.11Cr0.89)1.8,2.104901457,33.4,,,90.8,0.077871556,-2.552694529,1.04,[218]-??0.1016/j.jallcom.2022.165219
442,5,AB2(C14),(Ti)(Al0.11Cr0.89)1.9,2.203118672,28.1,,,128.5,61.53532473,4.119611396,1.09,[218]-??0.1016/j.jallcom.2022.165219
443,6,AB2(C14),(Ti)(Cr)1.9,2.354823583,22.58,,,97.8,14.21053705,2.653983735,1.21,[121]-??0.1016/j.jallcom.2022.165219
444,7,AB2(C14),(Ti)(Cr)1.9,2.525552191,26.5,,,122,53.69247997,3.983272954,1.3,[120]-??0.1016/j.jallcom.2022.165219
445,8,AB2(C14),(Ti)(Cr0.46Mn0.54)1.72,1.920230397,21.56,,,102.98,39.98340309,3.688464445,1,[26]-??0.1016/j.jallcom.2022.165219
446,9,AB2(C14),(Ti)(Cr0.48Mn0.15Fe0.38)1.96,1.831566671,18.7,,,116.4,636.667772,6.456247968,0.96,[189]-??0.1016/j.jallcom.2022.165219
447,10,AB2(C14),(Ti)(Cr0.52Mn0.15Fe0.32)1.96,1.836981043,19.8,,,117.1,444.3894602,6.096701341,0.96,[189]-??0.1016/j.jallcom.2022.165219
448,11,AB2(C14),(Ti)(Cr0.52Mn0.15Fe0.34)1.96,1.835084442,19.3,,,115.5,448.5245235,6.105963359,0.96,[189]-??0.1016/j.jallcom.2022.165219
449,12,AB2(C14),(Ti)(Cr0.53Mn0.47)1.96,1.994213167,22,,,113.3,115.837446,4.752187881,1.04,[26]-??0.1016/j.jallcom.2022.165219
450,13,AB2(C14),(Ti)(Cr0.55Mn0.15Fe0.3)1.96,1.612563051,16.47,,,103.75,341.8495087,5.834370607,0.84,[109]-??0.1016/j.jallcom.2022.165219
451,14,AB2(C14),(Ti)(Cr0.55Mn0.15Fe0.3)1.96,1.801077282,20.2,,,117.6,401.6088863,5.995478695,0.94,[189]-??0.1016/j.jallcom.2022.165219
452,15,AB2(C14),(Ti)(Cr0.5Fe0.5)2,1.848892533,17.2,,,119,1594.084841,7.374055083,0.97,[219]-??0.1016/j.jallcom.2022.165219
453,16,AB2(C14),(Ti)(Cr0.5Mn0.12Fe0.38)1.96,1.852372163,19,,,117.9,675.625035,6.51563824,0.97,[189]-??0.1016/j.jallcom.2022.165219
454,17,AB2(C14),(Ti)(Cr0.5Mn0.15Fe0.35)1.96,1.853004677,19.9,,,119.8,590.5763671,6.381098953,0.97,[189]-??0.1016/j.jallcom.2022.165219
455,18,AB2(C14),(Ti)(Cr0.5Mn0.5)1.67,2.018648275,25.52,,,111.29,21.98758394,3.090477928,1.05,[220]-??0.1016/j.jallcom.2022.165219
456,19,AB2(C14),(Ti)(Cr0.5Mn0.5)1.82,1.61800796,22.9,,,114.7,95.34596714,4.557512036,0.84,[28]-??0.1016/j.jallcom.2022.165219
457,20,AB2(C14),(Ti)(Cr0.5Mn0.5)1.9,2.012263674,22.8,,,114.9,101.687711,4.62190646,1.05,[218]-??0.1016/j.jallcom.2022.165219
458,21,AB2(C14),(Ti)(Cr0.5Mn0.5)2,1.671023426,19.6,,,106.5,134.6240274,4.902485911,0.87,[120]-??0.1016/j.jallcom.2022.165219
459,22,AB2(C14),(Ti)(Cr0.62Mn0.38)2,1.924542518,19.9,,,106.1,113.6765644,4.733357262,1,[120]-??0.1016/j.jallcom.2022.165219
460,23,AB2(C14),(Ti)(Cr0.6Mn0.1Fe0.3)1.82,1.713135159,14.98,,,91.25,138.6592781,4.932019687,0.89,[221]-??0.1016/j.jallcom.2022.165219
461,24,AB2(C14),(Ti)(Cr0.6Mn0.1Fe0.3)1.9,1.654620324,17.46,,,103.51,222.7702633,5.406141031,0.86,[221]-??0.1016/j.jallcom.2022.165219
462,25,AB2(C14),(Ti)(Cr0.6Mn0.1Fe0.3)1.96,1.615560106,16.67,,,101.51,240.8752646,5.484279225,0.84,[221]-??0.1016/j.jallcom.2022.165219
463,26,AB2(C14),(Ti)(Cr0.6Mn0.1Fe0.3)2,1.387302496,13.7,,,94.14,328.9673296,5.795958444,0.72,[221]-??0.1016/j.jallcom.2022.165219
464,27,AB2(C14),(Ti)(Cr0.6Mn0.4)1.54,1.896962486,25.1,,,108.37,18.33308942,2.908707592,0.98,[220]-??0.1016/j.jallcom.2022.165219
465,28,AB2(C14),(Ti)(Cr0.6Mn0.4)1.67,1.931156393,25.94,,,117.99,41.5492987,3.726880643,1,[220]-??0.1016/j.jallcom.2022.165219
466,29,AB2(C14),(Ti)(Cr0.6Mn0.4)1.82,1.813715388,25.1,,,114.64,38.97108771,3.66282003,0.94,[220]-??0.1016/j.jallcom.2022.165219
467,30,AB2(C14),(Ti)(Cr0.75Mn0.25)2,2.928933707,21.4,,,108.6,83.84275159,4.42894304,1.53,[120]-??0.1016/j.jallcom.2022.165219
468,31,AB2(C14),(Ti)(Cr0.85Ni0.15)2,1.908417806,21.7,,,106.7,59.11027199,4.079404716,0.99,[218]-??0.1016/j.jallcom.2022.165219
469,32,AB2(C14),(Ti)(Cr0.89Mn0.11)1.8,1.909965027,28,,,129,68.03945481,4.220087755,0.98,[218]-??0.1016/j.jallcom.2022.165219
470,33,AB2(C14),(Ti)(Cr0.95Mn0.05)1.67,1.782444397,20.08,,,100.42,53.38844411,3.97759432,0.91,[220]-??0.1016/j.jallcom.2022.165219
471,34,AB2(C14),(Ti)(Cr0.99Mo0.01)1.91,1.943071767,24.8,,,113,36.11078313,3.586591522,1,[218]-??0.1016/j.jallcom.2022.165219
472,35,AB2(C14),(Ti)(Fe)2,,14,,,134.5,37390.12873,10.52916201,,[122]-??0.1016/j.jallcom.2022.165219
473,36,AB2(C14),(Ti)(Mn)1.5,1.598808176,23.6,,,94,5.962440784,1.785479925,0.84,[60]-??0.1016/j.jallcom.2022.165219
474,37,AB2(C14),(Ti)(Mn)2,1.880872127,24.6,,,114.1,44.68203646,3.799571552,1,"[46],[222]-??0.1016/j.jallcom.2022.165219"
475,38,AB2(C14),(Ti)(V0.02Cr0.5Mn0.42Fe0.05)2,1.823463728,20.6,,,107,95.50937979,4.55922446,0.95,[223]-??0.1016/j.jallcom.2022.165219
476,39,AB2(C14),(Ti)(V0.05Cr0.5Mn0.35Fe0.1)2,1.862100132,20.6,,,107,95.50937979,4.55922446,0.97,[223]-??0.1016/j.jallcom.2022.165219
477,40,AB2(C14),(Ti)(V0.05Cr0.5Mn0.35Fe0.1)2,1.786684451,19.6,,,101.2,71.16765239,4.265038395,0.93,[32]-??0.1016/j.jallcom.2022.165219
478,41,AB2(C14),(Ti)(V0.08Cr0.5Mn0.28Fe0.15)2,1.636341495,20.9,,,106,75.0332945,4.317931942,0.85,[223]-??0.1016/j.jallcom.2022.165219
479,42,AB2(C14),(Ti)(V0.1Cr0.2Fe0.7)2,1.703473358,14,,,114,3176.588588,8.063563129,0.9,[219]-??0.1016/j.jallcom.2022.165219
480,43,AB2(C14),(Ti)(V0.1Cr0.5Mn0.2Fe0.2)2,1.921246591,22,,,109,69.06260976,4.235013481,1,[223]-??0.1016/j.jallcom.2022.165219
481,44,AB2(C14),(Ti)(V0.26Cr0.07Mn0.67)2.92,1.107387481,27.73,,,103.97,3.738068816,1.318569119,0.58,[224]-??0.1016/j.jallcom.2022.165219
482,45,AB2(C14),(Ti)(V0.26Mn0.68Nb0.06)2.84,1.525245058,23.68,,,104.48,20.36199843,3.013670342,0.83,[224]-??0.1016/j.jallcom.2022.165219
483,46,AB2(C14),(Ti)(V0.27Mn0.67Mo0.06)2.92,1.158806475,19.81,,,93.58,26.14985558,3.263843668,0.63,[224]-??0.1016/j.jallcom.2022.165219
484,47,AB2(C14),(Ti)(V0.29Mn0.67Nb0.04)2.85,1.249596541,25.71,,,109.73,16.88129569,2.826206245,0.67,[224]-??0.1016/j.jallcom.2022.165219
485,48,AB2(C14),(Ti)(V0.32Mn0.68)3.11,1.575901322,25.4,,,100.28,6.13910324,1.814678679,0.83,[225]-??0.1016/j.jallcom.2022.165219
486,49,AB2(C14),(Ti)(V0.34Mn0.66)3.02,1.634751154,26.63,,,117.16,28.46596976,3.34870933,0.86,[225]-??0.1016/j.jallcom.2022.165219
487,50,AB2(C14),(Ti)(V0.3Fe0.7)2,1.577235378,21.5,,,121,357.8056205,5.87998988,0.83,[219]-??0.1016/j.jallcom.2022.165219
488,51,AB2(C14),(Ti0.05Zr0.95)(Cr0.4Fe0.6)2,1.580849798,32.55,,,101.67,0.405579874,-0.902437449,1.05,[180]-??0.1016/j.jallcom.2022.165219
489,52,AB2(C14),(Ti0.15Zr0.85)(Cr0.4Fe0.6)2,1.464103484,30.12,,,98.74,0.759890816,-0.274580519,0.95,[180]-??0.1016/j.jallcom.2022.165219
490,53,AB2(C14),(Ti0.1Zr0.9)(Cr0.35Fe0.65)2,1.535179921,32.05,,,106.27,0.862877875,-0.14748211,1.01,[180]-??0.1016/j.jallcom.2022.165219
491,54,AB2(C14),(Ti0.1Zr0.9)(Cr0.3Fe0.7)2,1.442505814,29.79,,,104.18,1.670004926,0.512826576,0.95,[180]-??0.1016/j.jallcom.2022.165219
492,55,AB2(C14),(Ti0.1Zr0.9)(Cr0.45Fe0.55)2,1.57118149,34.73,,,105.02,0.251847844,-1.378930168,1.03,[180]-??0.1016/j.jallcom.2022.165219
493,56,AB2(C14),(Ti0.1Zr0.9)(Cr0.4Fe0.6)2,1.553148558,32.43,,,104.18,0.575714059,-0.552144166,1.02,[180]-??0.1016/j.jallcom.2022.165219
494,57,AB2(C14),(Ti0.1Zr0.9)(Cr0.5Fe0.5)2,1.574238102,36.02,,,105.02,0.149671319,-1.899313599,1.03,[180]-??0.1016/j.jallcom.2022.165219
495,58,AB2(C14),(Ti0.1Zr0.9)(Cr0.5Mn0.5)2,1.822678243,37.7,,,92.91,0.017711703,-4.03352969,1.19,[226]-??0.1016/j.jallcom.2022.165219
496,59,AB2(C14),(Ti0.1Zr0.9)(V0.15Fe0.85)1.92,1.681864001,28.5,,,103.9,2.717014138,0.999533534,1.12,[227]-??0.1016/j.jallcom.2022.165219
497,60,AB2(C14),(Ti0.21Zr0.79)(Mn0.5Fe0.5)2.02,1.453406801,33,,,111.4,1.090123364,0.086290868,0.94,[228]-??0.1016/j.jallcom.2022.165219
498,61,AB2(C14),(Ti0.25Zr0.75)(Mn0.55Fe0.45)2,1.557859699,30.2,,,98.45,0.710538914,-0.341731563,1,[57]-??0.1016/j.jallcom.2022.165219
499,62,AB2(C14),(Ti0.2Zr0.8)(Al0.08Fe0.92)2,1.523235716,20.4,,,112,188.9097982,5.241269643,0.97,[219]-??0.1016/j.jallcom.2022.165219
500,63,AB2(C14),(Ti0.2Zr0.8)(Al0.15Fe0.85)2,1.079880909,16.8,,,118,1660.943628,7.41514117,0.67,[219]-??0.1016/j.jallcom.2022.165219
501,64,AB2(C14),(Ti0.2Zr0.8)(Cr0.08Mn0.42Fe0.5)2,1.421906065,31.51,,,97.91,0.392534661,-0.935130437,0.92,[229]-??0.1016/j.jallcom.2022.165219
502,65,AB2(C14),(Ti0.2Zr0.8)(Cr0.12Mn0.38Fe0.5)2,1.423618623,33.39,,,111.71,0.966813478,-0.033749689,0.92,[229]-??0.1016/j.jallcom.2022.165219
503,66,AB2(C14),(Ti0.2Zr0.8)(Cr0.25Mn0.25Fe0.5)2,1.413897763,30.71,,,103.93,1.118101468,0.111632129,0.91,[229]-??0.1016/j.jallcom.2022.165219
504,67,AB2(C14),(Ti0.2Zr0.8)(Cr0.38Mn0.12Fe0.5)2,1.480947321,32.76,,,103.85,0.484346055,-0.724955637,0.95,[229]-??0.1016/j.jallcom.2022.165219
505,68,AB2(C14),(Ti0.2Zr0.8)(Cr0.3Fe0.7)2,1.642550829,26.89,,,100.45,3.435155097,1.234062077,1.06,[51]-??0.1016/j.jallcom.2022.165219
506,69,AB2(C14),(Ti0.2Zr0.8)(Cr0.4Fe0.6)2,1.403635738,30.67,,,102.09,0.910706612,-0.093534484,0.9,[180]-??0.1016/j.jallcom.2022.165219
507,70,AB2(C14),(Ti0.2Zr0.8)(Cr0.56Mn0.44)2.25,1.74870917,20.53,,,41.42,0.036881373,-3.300048639,1.1,[22]-??0.1016/j.jallcom.2022.165219
508,71,AB2(C14),(Ti0.2Zr0.8)(Cr0.5Fe0.5)2,1.51717471,31,,,93.3,0.276967109,-1.283856518,0.97,"[180],[229]-??0.1016/j.jallcom.2022.165219"
509,72,AB2(C14),(Ti0.2Zr0.8)(Mn)2,1.850777544,47.2,,,115.9,0.006092286,-5.100731828,1.2,"[46],[49],[23]-??0.1016/j.jallcom.2022.165219"
510,73,AB2(C14),(Ti0.2Zr0.8)(Mn0.5Fe0.5)2,1.38808451,29.62,,,101.25,1.257347077,0.229004007,0.9,[229]-??0.1016/j.jallcom.2022.165219
511,74,AB2(C14),(Ti0.36Zr0.64)(Al0.01V0.15Cr0.07Mn0.2Ni0.57Sn0.01)1.98,1.544943189,25.77,,,80,0.461295068,-0.77371738,0.98,[230]-??0.1016/j.jallcom.2022.165219
512,75,AB2(C14),(Ti0.36Zr0.64)(Al0.01V0.15Cr0.11Mn0.12Ni0.48Co0.12Sn0.01)1.98,1.434624781,32,,,104,0.670097414,-0.400332183,0.91,[36]-??0.1016/j.jallcom.2022.165219
513,76,AB2(C14),(Ti0.37Zr0.63)(Al0.01V0.15Cr0.05Mn0.06Ni0.6Co0.12Sn0.01)1.89,1.285349532,27,,,90,0.935040188,-0.067165768,0.82,"[231],[177]-??0.1016/j.jallcom.2022.165219"
514,77,AB2(C14),(Ti0.37Zr0.63)(Al0.01V0.15Cr0.06Mn0.06Ni0.6Co0.12Sn0.01)1.81,1.144078563,28,,,87,0.435446592,-0.831383125,0.73,"[231],[177]-??0.1016/j.jallcom.2022.165219"
515,78,AB2(C14),(Ti0.37Zr0.63)(Al0.01V0.15Cr0.08Mn0.08Ni0.61Co0.07Sn0.01)1.8,1.285683609,26,,,77,0.293077479,-1.227318271,0.82,"[231],[177]-??0.1016/j.jallcom.2022.165219"
516,79,AB2(C14),(Ti0.37Zr0.63)(Al0.01V0.15Cr0.08Mn0.08Ni0.61Co0.08Sn0.01)1.98,1.138075545,22,,,75,1.15688093,0.145727531,0.72,"[231],[177]-??0.1016/j.jallcom.2022.165219"
517,80,AB2(C14),(Ti0.37Zr0.63)(Al0.01V0.15Cr0.09Mn0.07Ni0.61Co0.07Sn0.01)1.88,1.305194533,24,,,75,0.516299381,-0.661068486,0.83,"[231],[177]-??0.1016/j.jallcom.2022.165219"
518,81,AB2(C14),(Ti0.37Zr0.63)(Al0.01V0.15Cr0.13Mn0.08Ni0.61Co0.02Sn0.01)1.8,1.305657772,29,,,77,0.087377952,-2.437512296,0.83,"[231],[177]-??0.1016/j.jallcom.2022.165219"
519,82,AB2(C14),(Ti0.37Zr0.63)(Al0.01V0.15Cr0.13Mn0.09Ni0.61Co0.02Sn0.01)1.88,1.434970989,28,,,81,0.211607566,-1.553021822,0.91,"[231],[177]-??0.1016/j.jallcom.2022.165219"
520,83,AB2(C14),(Ti0.37Zr0.63)(Al0.01V0.15Cr0.13Mn0.09Ni0.61Co0.02Sn0.01)1.98,1.392998939,24,,,77,0.656703764,-0.420522254,0.88,"[231],[177]-??0.1016/j.jallcom.2022.165219"
521,84,AB2(C14),(Ti0.37Zr0.63)(Al0.01V0.15Cr0.13Mn0.09Ni0.6Co0.02Sn0.01)2.11,1.304017752,23,,,76,0.871623807,-0.137397362,0.82,"[231],[177]-??0.1016/j.jallcom.2022.165219"
522,85,AB2(C14),(Ti0.37Zr0.63)(Al0.01V0.15Cr0.13Mn0.09Ni0.6Co0.02Sn0.01)2.2,1.102469925,21,,,71,1.07040071,0.068033074,0.69,"[231],[177]-??0.1016/j.jallcom.2022.165219"
523,86,AB2(C14),(Ti0.39Zr0.61)(Mn0.38Fe0.62)1.86,1.550516462,25.69,,,103.66,8.200674359,2.10421639,0.97,[232]-??0.1016/j.jallcom.2022.165219
524,87,AB2(C14),(Ti0.3Zr0.7)(Cr0.3Fe0.7)2,1.523811386,22.03,,,89.35,6.420813401,1.859544808,0.96,[51]-??0.1016/j.jallcom.2022.165219
525,88,AB2(C14),(Ti0.3Zr0.7)(Cr0.5Fe0.5)2,1.709243907,29.7,,,97.5,0.775465318,-0.25429202,1.07,"[180],[52]-??0.1016/j.jallcom.2022.165219"
526,89,AB2(C14),(Ti0.3Zr0.7)(Cr0.5Mn0.5)2,1.874974697,33.64,,,93.65,0.099586201,-2.30673167,1.17,[226]-??0.1016/j.jallcom.2022.165219
527,90,AB2(C14),(Ti0.3Zr0.7)(Mn)2,1.892632073,29.346,,,80.26,0.112477998,-2.184997648,1.2,[49]-??0.1016/j.jallcom.2022.165219
528,91,AB2(C14),(Ti0.3Zr0.7)(Mn)2,1.582184215,32.5,,,96.3,0.216940061,-1.528134182,1,[73]-??0.1016/j.jallcom.2022.165219
529,92,AB2(C14),(Ti0.3Zr0.7)(Mn0.71Fe0.29)2.8,1.025969979,13.5,,,53.2,2.592588166,0.952656669,0.63,"[23],[54]-??0.1016/j.jallcom.2022.165219"
530,93,AB2(C14),(Ti0.3Zr0.7)(V0.15Fe0.85)1.92,1.527642867,26.1,,,102.8,6.267567535,1.835388326,0.97,[227]-??0.1016/j.jallcom.2022.165219
531,94,AB2(C14),(Ti0.3Zr0.7)(V0.1Fe0.9)1.92,1.508332187,23.5,,,105.9,25.97331873,3.257069808,0.96,[227]-??0.1016/j.jallcom.2022.165219
532,95,AB2(C14),(Ti0.3Zr0.7)(V0.25Fe0.75)1.92,1.64435628,33.1,,,103.8,0.419737982,-0.868124616,1.04,[227]-??0.1016/j.jallcom.2022.165219
533,96,AB2(C14),(Ti0.41Zr0.59)(Mn0.44Fe0.56)1.88,1.575802994,26.91,,,104.26,5.388325611,1.684234689,0.98,[232]-??0.1016/j.jallcom.2022.165219
534,97,AB2(C14),(Ti0.45Zr0.55)(V0.18Mn0.54Ni0.28)2.48,1.603501662,28.3,,,107.9,4.765038423,1.561305601,0.97,[233]-??0.1016/j.jallcom.2022.165219
535,98,AB2(C14),(Ti0.45Zr0.55)(V0.22Mn0.35Ni0.42)2,2.006634911,32.8,,,112,1.270149156,0.239134339,1.24,[233]-??0.1016/j.jallcom.2022.165219
536,99,AB2(C14),(Ti0.45Zr0.55)(V0.22Mn0.44Ni0.34)2.05,2.017337134,32.3,,,108.6,1.032419161,0.031904748,1.24,[233]-??0.1016/j.jallcom.2022.165219
537,100,AB2(C14),(Ti0.45Zr0.55)(V0.24Mn0.38Ni0.38)1.86,1.861551175,35.6,,,108.1,0.256803202,-1.359445237,1.15,[233]-??0.1016/j.jallcom.2022.165219
538,101,AB2(C14),(Ti0.45Zr0.55)(V0.25Mn0.29Ni0.46)1.83,1.823065656,36.4,,,113.3,0.347585904,-1.05674344,1.13,[233]-??0.1016/j.jallcom.2022.165219
539,102,AB2(C14),(Ti0.45Zr0.55)(V0.26Mn0.16Ni0.58)1.73,1.856660412,36.9,,,104.4,0.097405444,-2.328873178,1.16,[233]-??0.1016/j.jallcom.2022.165219
540,103,AB2(C14),(Ti0.45Zr0.55)(V0.27Mn0.12Ni0.61)1.64,1.802626944,39,,,105,0.044876315,-3.103845126,1.13,[233]-??0.1016/j.jallcom.2022.165219
541,104,AB2(C14),(Ti0.45Zr0.55)(V0.27Mn0.32Ni0.42)1.68,1.692603175,54.8,,,153,0.024614389,-3.704424081,1.05,[233]-??0.1016/j.jallcom.2022.165219
542,105,AB2(C14),(Ti0.45Zr0.55)(V0.28Mn0.2Ni0.52)1.63,1.714300298,44.2,,,125.7,0.066413079,-2.711861264,1.07,[233]-??0.1016/j.jallcom.2022.165219
543,106,AB2(C14),(Ti0.45Zr0.55)(V0.29Mn0.06Ni0.65)1.54,1.794823414,41.7,,,109.1,0.024726,-3.699899972,1.13,[233]-??0.1016/j.jallcom.2022.165219
544,107,AB2(C14),(Ti0.45Zr0.55)(V0.29Mn0.15Ni0.56)1.53,1.987282112,47.6,,,133.8,0.04463655,-3.109202251,1.25,[233]-??0.1016/j.jallcom.2022.165219
545,108,AB2(C14),(Ti0.49Zr0.51)(Mn0.45Fe0.55)1.97,1.481287351,24.91,,,107.43,17.67756788,2.872296484,0.9,[232]-??0.1016/j.jallcom.2022.165219
546,109,AB2(C14),(Ti0.4Zr0.6)(Fe)2,1.397819614,18.3,,,127,2677.134281,7.892502203,0.87,"[218],[219]-??0.1016/j.jallcom.2022.165219"
547,110,AB2(C14),(Ti0.4Zr0.6)(Mn)2,1.777923837,35.94,,,102.51,0.114300163,-2.16892728,1.1,[46]-??0.1016/j.jallcom.2022.165219
548,111,AB2(C14),(Ti0.4Zr0.6)(Mn)2,1.507295386,34.81,,,102.62,0.182709561,-1.699857487,0.93,[49]-??0.1016/j.jallcom.2022.165219
549,112,AB2(C14),(Ti0.4Zr0.6)(Mn0.34Fe0.66)1.92,1.477863119,24.57,,,106.09,17.25817305,2.848285831,0.92,[232]-??0.1016/j.jallcom.2022.165219
550,113,AB2(C14),(Ti0.51Zr0.49)(V0.02Mn0.5Fe0.48)1.89,1.633887281,26.42,,,104.39,6.669435465,1.897535218,0.99,[232]-??0.1016/j.jallcom.2022.165219
551,114,AB2(C14),(Ti0.55Zr0.45)(Cr0.42Mn0.19Fe0.27Ni0.1Cu0.01)2,1.586914787,18.46,,,78.1,7.00485262,1.94660314,0.94,[29]-??0.1016/j.jallcom.2022.165219
552,115,AB2(C14),(Ti0.5Zr0.5)(Al0.05Fe0.95)2,1.502970732,16,,,117,2033.647913,7.617586461,0.9,[219]-??0.1016/j.jallcom.2022.165219
553,116,AB2(C14),(Ti0.5Zr0.5)(Al0.2Fe0.8)2,1.179830952,23.3,,,108,36.24577976,3.590322954,0.67,[219]-??0.1016/j.jallcom.2022.165219
554,117,AB2(C14),(Ti0.5Zr0.5)(Cr0.5Fe0.5)2,1.676078355,24.3,,,96.7,6.220428112,1.827838733,1,[234]-??0.1016/j.jallcom.2022.165219
555,118,AB2(C14),(Ti0.5Zr0.5)(Cr0.5Mn0.5)2,1.932346208,29.82,,,96.47,0.652736933,-0.42658109,1.15,[226]-??0.1016/j.jallcom.2022.165219
556,119,AB2(C14),(Ti0.5Zr0.5)(Mn0.5Fe0.5)1.91,1.580486967,25.13,,,103.65,10.26681186,2.328916543,0.96,[232]-??0.1016/j.jallcom.2022.165219
557,120,AB2(C14),(Ti0.5Zr0.5)(V0.15Fe0.85)1.92,1.390262325,21.9,,,103.1,35.36568134,3.565741896,0.84,[227]-??0.1016/j.jallcom.2022.165219
558,121,AB2(C14),(Ti0.5Zr0.5)(V0.25Cr0.25Fe0.25Ni0.25)2,1.60214438,38,,,109.94,0.12168763,-2.106297923,0.96,[235]-??0.1016/j.jallcom.2022.165219
559,122,AB2(C14),(Ti0.65Zr0.35)(Cr0.42Mn0.14Fe0.32Ni0.1Cu0.01)2,1.404027985,21.74,,,102.44,34.84484899,3.550905321,0.81,[29]-??0.1016/j.jallcom.2022.165219
560,123,AB2(C14),(Ti0.65Zr0.35)(Cr0.4Mn0.5Fe0.1)1.86,2.092494624,26,,,96,2.880232261,1.057870937,1.21,[134]-??0.1016/j.jallcom.2022.165219
561,124,AB2(C14),(Ti0.65Zr0.35)(Cr0.4Mn0.5Fe0.1)1.9,2.043228337,29,,,100,1.389257424,0.328769377,1.18,[134]-??0.1016/j.jallcom.2022.165219
562,125,AB2(C14),(Ti0.65Zr0.35)(Cr0.4Mn0.5Fe0.1)1.98,2.198854671,28,,,99,1.843920975,0.611894269,1.27,[134]-??0.1016/j.jallcom.2022.165219
563,126,AB2(C14),(Ti0.65Zr0.35)(Cr0.4Mn0.5Fe0.1)2,1.995940634,29,,,100,1.389257424,0.328769377,1.15,[134]-??0.1016/j.jallcom.2022.165219
564,127,AB2(C14),(Ti0.6Zr0.4)(Mn)2,1.530554466,25.69,,,90.79,1.744209395,0.556301384,0.9,[46]-??0.1016/j.jallcom.2022.165219
565,128,AB2(C14),(Ti0.6Zr0.4)(V0.2Fe0.5Ni0.3)2,1.3009254,26.8,,,112.66,15.46999972,2.738902646,0.77,[32]-??0.1016/j.jallcom.2022.165219
566,129,AB2(C14),(Ti0.72Zr0.28)(Cr0.42Mn0.12Fe0.34Ni0.1Cu0.01)1.9,1.686987342,19.26,,,93.66,32.96130908,3.495334422,0.96,[29]-??0.1016/j.jallcom.2022.165219
567,130,AB2(C14),(Ti0.72Zr0.28)(Cr0.42Mn0.14Fe0.32Ni0.1Cu0.01)2,1.602656463,24.847,,,115.33,46.89298904,3.847868177,0.91,[29]-??0.1016/j.jallcom.2022.165219
568,131,AB2(C14),(Ti0.78Zr0.22)(Cr0.42Mn0.19Fe0.27Ni0.1Cu0.02)2.02,1.609387908,23.989,,,108.94,30.73611832,3.425438455,0.9,[29]-??0.1016/j.jallcom.2022.165219
569,132,AB2(C14),(Ti0.7Zr0.3)(Cr0.42Mn0.12Fe0.34Ni0.1Cu0.01)2.03,1.594799828,23.03,,,108.96,45.3632637,3.814702608,0.91,[29]-??0.1016/j.jallcom.2022.165219
570,133,AB2(C14),(Ti0.7Zr0.3)(Cr0.5Fe0.5)2,0.711802228,22.87,,,106.81,37.36218473,3.620659089,0.4,[234]-??0.1016/j.jallcom.2022.165219
571,134,AB2(C14),(Ti0.7Zr0.3)(V0.3Fe0.7)2,2.094413719,31.1,,,116,4.079618252,1.406003418,1.2,[218]-??0.1016/j.jallcom.2022.165219
572,135,AB2(C14),(Ti0.81Zr0.19)(V0.05Cr0.48Fe0.48)1.96,1.599828766,21.38,,,103.41,45.27674416,3.812793527,0.88,[31]-??0.1016/j.jallcom.2022.165219
573,136,AB2(C14),(Ti0.83Zr0.17)(Cr0.6Fe0.4)1.96,1.612772694,20.49,,,102.79,60.17448481,4.097248422,0.88,[31]-??0.1016/j.jallcom.2022.165219
574,137,AB2(C14),(Ti0.83Zr0.17)(V0.05Cr0.48Fe0.48)1.96,1.518279156,20.38,,,102.84,63.2842105,4.147635859,0.83,[31]-??0.1016/j.jallcom.2022.165219
575,138,AB2(C14),(Ti0.83Zr0.17)(V0.05Cr0.55Fe0.4)1.96,1.649869313,22.67,,,104.16,29.44767422,3.382614933,0.9,[31]-??0.1016/j.jallcom.2022.165219
576,139,AB2(C14),(Ti0.83Zr0.17)(V0.05Cr0.6Fe0.35)1.96,0.907183146,24.42,,,106.69,19.70671425,2.980959402,0.49,[31]-??0.1016/j.jallcom.2022.165219
577,140,AB2(C14),(Ti0.83Zr0.17)(V0.1Cr0.5Fe0.4)1.96,1.632873693,24.41,,,104.84,15.83920376,2.762488118,0.89,[31]-??0.1016/j.jallcom.2022.165219
578,141,AB2(C14),(Ti0.85Zr0.15)(Cr0.42Mn0.5Fe0.07)1.82,1.508214484,22.2,,,103.9,34.49936737,3.540940987,0.82,[31]-??0.1016/j.jallcom.2022.165219
579,142,AB2(C14),(Ti0.85Zr0.15)(Cr0.42Mn0.5Mo0.08)1.82,1.662106188,21.7,,,100.9,29.42429349,3.381820642,0.94,[28]-??0.1016/j.jallcom.2022.165219
580,143,AB2(C14),(Ti0.85Zr0.15)(Cr0.45Mn0.15Fe0.29Ni0.1Cu0.02)2.02,1.675719058,22.035,,,110.3,79.61874872,4.377249602,0.92,[29]-??0.1016/j.jallcom.2022.165219
581,144,AB2(C14),(Ti0.85Zr0.15)(Cr0.45Mn0.5Fe0.05)1.82,1.60053071,24.7,,,112.4,34.97968462,3.554767454,0.87,[236]-??0.1016/j.jallcom.2022.165219
582,145,AB2(C14),(Ti0.85Zr0.15)(Cr0.45Mn0.5Mo0.05)1.82,1.775446426,23.7,,,106.4,25.44519096,3.236526765,0.99,[28]-??0.1016/j.jallcom.2022.165219
583,146,AB2(C14),(Ti0.85Zr0.15)(Cr0.45Mn0.5W0.05)1.82,1.35332442,22.6,,,106.2,38.71433523,3.656209951,0.79,[28]-??0.1016/j.jallcom.2022.165219
584,147,AB2(C14),(Ti0.85Zr0.15)(Cr0.46Mn0.5Fe0.04)1.82,1.601256699,25.4,,,112.7,27.34327966,3.308470783,0.87,[236]-??0.1016/j.jallcom.2022.165219
585,148,AB2(C14),(Ti0.85Zr0.15)(Cr0.47Mn0.5Fe0.02)1.82,1.60236042,26.7,,,115,21.34209768,3.060681539,0.87,[236]-??0.1016/j.jallcom.2022.165219
586,149,AB2(C14),(Ti0.85Zr0.15)(Cr0.47Mn0.5Mo0.03)1.82,1.882425418,26.2,,,115.2,26.74734367,3.286435166,1.04,[28]-??0.1016/j.jallcom.2022.165219
587,150,AB2(C14),(Ti0.85Zr0.15)(Cr0.47Mn0.5W0.03)1.82,1.428411209,24.3,,,109.2,27.97336158,3.331252685,0.81,[28]-??0.1016/j.jallcom.2022.165219
588,151,AB2(C14),(Ti0.85Zr0.15)(Cr0.49Mn0.5W0.01)1.82,1.525942358,26.3,,,113.8,21.70869785,3.077713003,0.84,[28]-??0.1016/j.jallcom.2022.165219
589,152,AB2(C14),(Ti0.85Zr0.15)(Cr0.5Mn0.5)1.82,1.803335368,26.6,,,112.1,15.67754295,2.752229303,0.98,[28]-??0.1016/j.jallcom.2022.165219
590,153,AB2(C14),(Ti0.85Zr0.15)(Cr0.5Mn0.5)1.82,1.694798278,26.6,,,112.1,15.67754295,2.752229303,0.92,[236]-??0.1016/j.jallcom.2022.165219
591,154,AB2(C14),(Ti0.85Zr0.15)(Cr0.5Mn0.5)2,1.840106691,25.3,,,112.1,26.48680577,3.276646714,1,[223]-??0.1016/j.jallcom.2022.165219
592,155,AB2(C14),(Ti0.85Zr0.15)(Cr0.6Mn0.4)2,2.027646395,26.2,,,114,23.15260791,3.142107427,1.1,[223]-??0.1016/j.jallcom.2022.165219
593,156,AB2(C14),(Ti0.85Zr0.15)(V0.05Cr0.48Fe0.48)1.96,1.471983898,19.62,,,101.91,76.88911716,4.342364347,0.8,[31]-??0.1016/j.jallcom.2022.165219
594,157,AB2(C14),(Ti0.85Zr0.15)(V0.15Cr0.1Mn0.6Fe0.03Ni0.11Cu0.01)2,1.851359057,26.61,,,109.68,11.67131803,2.457134382,1.02,[29]-??0.1016/j.jallcom.2022.165219
595,158,AB2(C14),(Ti0.85Zr0.15)(V0.18Cr0.08Mn0.6Fe0.03Ni0.11Cu0.01)2,1.314890867,21.17,,,102.63,44.86661953,3.803694078,0.72,[29]-??0.1016/j.jallcom.2022.165219
596,159,AB2(C14),(Ti0.8Zr0.2)(Cr0.4Mn0.6)2,1.987131197,28.87,,,112.97,6.966782068,1.941153435,1.1,[45]-??0.1016/j.jallcom.2022.165219
597,160,AB2(C14),(Ti0.8Zr0.2)(Cr0.5Mn0.5)1.82,1.90298641,28.3,,,111.8,7.616909833,2.030370754,1.05,[28]-??0.1016/j.jallcom.2022.165219
598,161,AB2(C14),(Ti0.8Zr0.2)(Cr0.5Mn0.5)2,2.118352567,21.45,,,91.61,10.64758276,2.365332895,1.17,[29]-??0.1016/j.jallcom.2022.165219
599,162,AB2(C14),(Ti0.8Zr0.2)(Cr0.5Mn0.5)2,1.56586846,21.54,,,98.63,23.8872382,3.17334435,0.86,[226]-??0.1016/j.jallcom.2022.165219
600,163,AB2(C14),(Ti0.8Zr0.2)(V0.2Fe0.8)2,1.80370843,17.85,,,99.25,114.0289465,4.736452333,1.01,[32]-??0.1016/j.jallcom.2022.165219
601,164,AB2(C14),(Ti0.8Zr0.2)(V0.2Fe0.8)2,1.80370843,19.7,,,109.9,194.6250145,5.271074705,1.01,[218]-??0.1016/j.jallcom.2022.165219
602,165,AB2(C14),(Ti0.93Zr0.07)(V0.1Cr0.35Mn0.55)2,1.823475002,22.86,,,100.41,17.37348383,2.854945126,0.97,[238]-??0.1016/j.jallcom.2022.165219
603,166,AB2(C14),(Ti0.94Zr0.06)(V0.1Cr0.35Mn0.55)2,1.828403373,22.36,,,99.61,19.30618743,2.960425637,0.97,[238]-??0.1016/j.jallcom.2022.165219
604,167,AB2(C14),(Ti0.95Zr0.05)(Cr0.5Mn0.5)2,1.889972372,20.8,,,105,69.2690797,4.237998626,1,[223]-??0.1016/j.jallcom.2022.165219
605,168,AB2(C14),(Ti0.95Zr0.05)(Cr0.6Mn0.4)2,1.747845154,21.9,,,108.1,64.52853166,4.167107477,0.92,[223]-??0.1016/j.jallcom.2022.165219
606,169,AB2(C14),(Ti0.95Zr0.05)(V0.19Cr0.1Mn0.58Fe0.03Ni0.1Cu0.01)2.07,1.665229194,25,,,112.3,30.6220623,3.421720739,0.89,[29]-??0.1016/j.jallcom.2022.165219
607,170,AB2(C14),(Ti0.95Zr0.05)(V0.1Cr0.25Mn0.65)2,1.845124381,21.18,,,97.25,23.39660047,3.152590733,0.98,[238]-??0.1016/j.jallcom.2022.165219
608,171,AB2(C14),(Ti0.95Zr0.05)(V0.1Cr0.35Mn0.55)2,1.814800862,21.27,,,96.88,21.58036469,3.071783859,0.96,[238]-??0.1016/j.jallcom.2022.165219
609,172,AB2(C14),(Ti0.95Zr0.05)(V0.1Cr0.45Mn0.45)2,1.784230323,21.64,,,97.34,19.6455771,2.977852229,0.94,[238]-??0.1016/j.jallcom.2022.165219
610,173,AB2(C14),(Ti0.95Zr0.05)(V0.2Mn0.7Fe0.05Ni0.05)2.15,1.774786677,28.11,,,112.34,8.775500968,2.171963858,0.95,[29]-??0.1016/j.jallcom.2022.165219
611,174,AB2(C14),(Ti0.96Zr0.04)(V0.2Cr0.02Mn0.73Fe0.05)1.91,1.640689238,25.8,,,110,16.81672901,2.822374165,0.87,[30]-??0.1016/j.jallcom.2022.165219
612,175,AB2(C14),(Ti0.97Ce0.03)(Cr0.55Mn0.15Fe0.3)1.91,1.640533022,19.27,,,112.11,301.9735514,5.710339435,0.87,[109]-??0.1016/j.jallcom.2022.165219
613,176,AB2(C14),(Ti0.97Ho0.03)(Cr0.55Mn0.15Fe0.3)1.91,1.669626123,19.39,,,111.29,260.6836802,5.563307719,0.89,[109]-??0.1016/j.jallcom.2022.165219
614,177,AB2(C14),(Ti0.97La0.03)(Cr0.55Mn0.15Fe0.3)1.91,1.715066627,16.63,,,104.17,337.0871947,5.820341635,0.91,[109]-??0.1016/j.jallcom.2022.165219
615,178,AB2(C14),(Ti0.98Zr0.02)(V0.16Cr0.06Mn0.72Fe0.06)2.41,1.39869925,24.8,,,111.3,29.43331585,3.382127225,0.74,[30]-??0.1016/j.jallcom.2022.165219
616,179,AB2(C14),(Ti0.98Zr0.02)(V0.19Cr0.02Mn0.74Fe0.04)2.11,1.534301904,24.7,,,109.3,24.09298678,3.181920793,0.81,[30]-??0.1016/j.jallcom.2022.165219
617,180,AB2(C14),(Ti0.98Zr0.02)(V0.21Cr0.02Mn0.72Fe0.05)2.21,1.514998425,24.2,,,107.1,22.62417312,3.119018942,0.8,[30]-??0.1016/j.jallcom.2022.165219
618,181,AB2(C14),(Ti0.98Zr0.02)(V0.21Cr0.02Mn0.73Fe0.04)2.06,1.498817883,24.06,,,101.56,12.29486382,2.509181599,0.79,[29]-??0.1016/j.jallcom.2022.165219
619,182,AB2(C14),(Ti0.98Zr0.02)(V0.23Cr0.02Mn0.71Fe0.04)2.28,1.608957067,24.3,,,109.5,29.00112493,3.36733462,0.85,[30]-??0.1016/j.jallcom.2022.165219
620,183,AB2(C14),(Ti0.98Zr0.02)(V0.23Cr0.02Mn0.71Fe0.05)2.13,1.348870141,24,,,107.8,26.67934645,3.283889725,0.71,[30]-??0.1016/j.jallcom.2022.165219
621,184,AB2(C14),(Ti0.98Zr0.02)(V0.23Cr0.03Mn0.67Fe0.07)1.94,1.295886416,28.7,,,117.5,12.86574448,2.554568313,0.68,[30]-??0.1016/j.jallcom.2022.165219
622,185,AB2(C14),(Ti0.98Zr0.02)(V0.25Cr0.03Mn0.67Fe0.05)1.9,1.598614371,27.8,,,108.5,6.26618975,1.835168474,0.84,[30]-??0.1016/j.jallcom.2022.165219
623,186,AB2(C14),(Ti0.98Zr0.02)(V0.27Cr0.02Mn0.66Fe0.05)1.82,1.318982163,29.9,,,110.2,3.295299155,1.192496954,0.69,[30]-??0.1016/j.jallcom.2022.165219
624,187,AB2(C14),(Ti0.98Zr0.02)(V0.2Cr0.02Mn0.65Fe0.05Ni0.09)2.19,1.63725406,26.3,,,111.1,15.68924725,2.752975589,0.87,[30]-??0.1016/j.jallcom.2022.165219
625,188,AB2(C14),(Ti0.98Zr0.02)(V0.34Cr0.02Mn0.6Fe0.03)2.09,1.659343534,27.2,,,105.9,5.838635822,1.764497177,0.87,[30]-??0.1016/j.jallcom.2022.165219
626,189,AB2(C14),(Ti0.99Zr0.01)(V0.52Cr0.02Mn0.43Fe0.03)1.87,1.758219287,32.7,,,99.2,0.283647858,-1.260021747,0.91,[30]-??0.1016/j.jallcom.2022.165219
627,190,AB2(C14),(Ti0.9Zr0.1)(Cr0.42Mn0.55Mo0.02)1.6,1.499729347,24,,,110,34.76080923,3.548490581,0.81,[102]-??0.1016/j.jallcom.2022.165219
628,191,AB2(C14),(Ti0.9Zr0.1)(Cr0.5Mn0.5)1.82,1.682209628,25.5,,,112.6,25.94823703,3.25610367,0.9,[28]-??0.1016/j.jallcom.2022.165219
629,192,AB2(C14),(Ti0.9Zr0.1)(Cr0.5Mn0.5)2,1.257088698,22.5,,,104.9,34.47363057,3.5401947,0.67,[33]-??0.1016/j.jallcom.2022.165219
630,193,AB2(C14),(Ti0.9Zr0.1)(V0.15Fe0.85)2,1.791785056,13.5,,,112.9,3404.868865,8.132961705,0.98,[218]-??0.1016/j.jallcom.2022.165219
631,194,AB2(C14),(Ti0.9Zr0.1)(V0.1Cr0.18Mn0.7Fe0.02)2,1.906416016,25.89,,,106.9,11.1698891,2.413221685,1.03,[15]-??0.1016/j.jallcom.2022.165219
632,195,AB2(C14),(Ti0.9Zr0.1)(V0.1Cr0.32Mn0.4Fe0.02Ni0.15Cu0.01)2,1.664965486,25.29,,,110.11,20.93321627,3.041337193,0.9,[29]-??0.1016/j.jallcom.2022.165219
633,196,AB2(C14),(Ti0.9Zr0.1)(V0.1Cr0.35Mn0.55)2,1.88203585,22.92,,,97.9,12.53914967,2.528855724,1.01,[238]-??0.1016/j.jallcom.2022.165219
634,197,AB2(C14),(Ti0.9Zr0.1)(V0.1Fe0.75Ni0.15)2,1.795142704,12.08,,,119.5,13354.24304,9.499589444,0.99,[218]-??0.1016/j.jallcom.2022.165219
635,198,AB2(C14),(Ti0.9Zr0.1)(V0.35Mn0.65)2,1.73489684,30,,,99.56,0.880250456,-0.127548803,0.93,[239]-??0.1016/j.jallcom.2022.165219
636,199,AB2(C14),(Zr)(Al0.4Fe0.6)2,1.048272204,47.6,,,122.4,0.011329835,-4.480315776,0.63,[178]-??0.1016/j.jallcom.2022.165219
637,200,AB2(C14),(Zr)(Cr)2,1.824832378,45.19,,,121.34,0.026367685,-3.635616079,1.2,[41]-??0.1016/j.jallcom.2022.165219
638,201,AB2(C14),(Zr)(Cr0.11Mn0.44Fe0.44)2.25,1.778730835,25.6,,,75,0.270764646,-1.3065053,1.19,[22]-??0.1016/j.jallcom.2022.165219
639,202,AB2(C14),(Zr)(Cr0.25Fe0.75)2,1.335930883,32.3,,,112.97,1.746298258,0.557498266,0.9,[180]-??0.1016/j.jallcom.2022.165219
640,203,AB2(C14),(Zr)(Cr0.25Fe0.75)2,1.409103451,24.27,,,92.05,3.599052738,1.280670683,0.95,"[23],[44]-??0.1016/j.jallcom.2022.165219"
641,204,AB2(C14),(Zr)(Cr0.2Fe0.8)2,1.479376586,28.4,,,100.8,1.948435367,0.667026675,1,[240]-??0.1016/j.jallcom.2022.165219
642,205,AB2(C14),(Zr)(Cr0.36Fe0.36Co0.29)2.8,1.139183015,20.02,,,88.14,12.48895101,2.524844334,0.74,[59]-??0.1016/j.jallcom.2022.165219
643,206,AB2(C14),(Zr)(Cr0.36Fe0.36Cu0.29)2.8,1.182362793,29.78,,,93.05,0.439648723,-0.821779227,0.78,[59]-??0.1016/j.jallcom.2022.165219
644,207,AB2(C14),(Zr)(Cr0.36Fe0.36Ni0.29)2.8,1.063856543,20.73,,,88.29,9.549346428,2.256472715,0.69,[59]-??0.1016/j.jallcom.2022.165219
645,208,AB2(C14),(Zr)(Cr0.36Fe0.64)2.8,1.257001246,19.51,,,77.54,4.287407708,1.455682286,0.81,[59]-??0.1016/j.jallcom.2022.165219
646,209,AB2(C14),(Zr)(Cr0.36Mn0.29Fe0.36)2.8,1.400166856,29.5,,,94.8,0.607532364,-0.498349832,0.9,[59]-??0.1016/j.jallcom.2022.165219
647,210,AB2(C14),(Zr)(Cr0.38Fe0.62)2.6,1.110645261,29.1,,,107.6,3.328445103,1.202505259,0.72,[228]-??0.1016/j.jallcom.2022.165219
648,211,AB2(C14),(Zr)(Cr0.38Fe0.62)2.6,1.837470251,25.2,,,92.2,2.518217984,0.923551502,1.2,[59]-??0.1016/j.jallcom.2022.165219
649,212,AB2(C14),(Zr)(Cr0.3Fe0.7)2,1.54345107,26.92,,,89.43,0.901721465,-0.103449604,1.04,[51]-??0.1016/j.jallcom.2022.165219
650,213,AB2(C14),(Zr)(Cr0.3Fe0.7)2,1.484969097,28.5,,,94.7,0.898544421,-0.106979135,1,"[57],[23],[47],[241]-??0.1016/j.jallcom.2022.165219"
651,214,AB2(C14),(Zr)(Cr0.3Fe0.7)2,1.484969097,29.8,,,100.3,1.043033094,0.042132905,1,[240]-??0.1016/j.jallcom.2022.165219
652,215,AB2(C14),(Zr)(Cr0.42Fe0.58)2.4,1.943026647,20,,,65.6,0.836905812,-0.178043745,1.28,[22]-??0.1016/j.jallcom.2022.165219
653,216,AB2(C14),(Zr)(Cr0.4Fe0.6)2,1.519962999,32.97,,,99.16,0.253155809,-1.373750134,1.02,[180]-??0.1016/j.jallcom.2022.165219
654,217,AB2(C14),(Zr)(Cr0.4Fe0.6)2,1.490604051,36.2,,,103.3,0.113177828,-2.178795,1,[240]-??0.1016/j.jallcom.2022.165219
655,218,AB2(C14),(Zr)(Cr0.4Fe0.6)2.5,1.74091733,22.7,,,80.3,1.650034902,0.50079644,1.14,[22]-??0.1016/j.jallcom.2022.165219
656,219,AB2(C14),(Zr)(Cr0.5Co0.5)2,1.575298983,40.17,,,121.34,0.199776093,-1.610558077,1.07,[44]-??0.1016/j.jallcom.2022.165219
657,220,AB2(C14),(Zr)(Cr0.5Fe0.5)2,1.687516085,49.37,,,133.89,0.022095261,-3.812392146,1.13,"[23],[44]-??0.1016/j.jallcom.2022.165219"
658,221,AB2(C14),(Zr)(Cr0.5Fe0.5)2,1.496281934,39.4,,,103.6,0.032270987,-3.433586692,1,[240]-??0.1016/j.jallcom.2022.165219
659,222,AB2(C14),(Zr)(Cr0.5Fe0.5)2,1.643451061,36.1,,,99,0.070254593,-2.655629599,1.1,"[52],[59]-??0.1016/j.jallcom.2022.165219"
660,223,AB2(C14),(Zr)(Cr0.5Mn0.5)2,1.901129647,37.21,,,82.12,0.005895231,-5.133611589,1.27,"[226],[22]-??0.1016/j.jallcom.2022.165219"
661,224,AB2(C14),(Zr)(Cr0.71Co0.29)2.8,1.309655892,45.3,,,118.9,0.018808314,-3.973456263,0.84,[242]-??0.1016/j.jallcom.2022.165219
662,225,AB2(C14),(Zr)(Cr0.71Fe0.29)2.8,1.571232984,46.5,,,130.7,0.047915746,-3.038311102,1,[242]-??0.1016/j.jallcom.2022.165219
663,226,AB2(C14),(Zr)(Cr0.71Ni0.29)2.8,1.816258347,37.9,,,101.2,0.04428341,-3.117145158,1.17,[242]-??0.1016/j.jallcom.2022.165219
664,227,AB2(C14),(Zr)(Fe0.5Mo0.5)2,1.216890399,40.74,,,127.08,0.316596478,-1.150127255,0.99,[48]-??0.1016/j.jallcom.2022.165219
665,228,AB2(C14),(Zr)(Fe0.9Mo0.1)2,1.663444837,25.9,,,112.5,21.81760374,3.082717155,1.18,"[218],[219]-??0.1016/j.jallcom.2022.165219"
666,229,AB2(C14),(Zr)(Mn)2,1.772386803,53.14,,,121.34,0.001067292,-6.842630245,1.2,"[46],[44],[53]-??0.1016/j.jallcom.2022.165219"
667,230,AB2(C14),(Zr)(Mn)2,1.772386803,40.4,,,121.34,0.182074448,-1.703339619,1.2,"[49],[23],[55]-??0.1016/j.jallcom.2022.165219"
668,231,AB2(C14),(Zr)(Mn)2.5,1.818429234,18,,,51.5,0.344005145,-1.067098667,1.2,[23]-??0.1016/j.jallcom.2022.165219
669,232,AB2(C14),(Zr)(Mn)2.7,1.305983806,33.6,,,100.6,0.233470957,-1.454697592,0.85,[228]-??0.1016/j.jallcom.2022.165219
670,233,AB2(C14),(Zr)(Mn)2.8,1.463136942,32.9,,,91.3,0.101179515,-2.290858967,0.95,"[57],[53]-??0.1016/j.jallcom.2022.165219"
671,234,AB2(C14),(Zr)(Mn)3.8,1.19511824,17,,,51,0.484888061,-0.723837216,0.75,"[23],[53]-??0.1016/j.jallcom.2022.165219"
672,235,AB2(C14),(Zr)(Mn0.2Fe0.8)2,0.917089081,26.7,,,109.6,11.14740473,2.411206711,0.62,[50]-??0.1016/j.jallcom.2022.165219
673,236,AB2(C14),(Zr)(Mn0.3Fe0.7)2,1.370565098,24.5,,,98.3,6.955941016,1.939596117,0.93,[50]-??0.1016/j.jallcom.2022.165219
674,237,AB2(C14),(Zr)(Mn0.48Fe0.52)2.33,1.15940268,18.3,,,51.7,0.312214931,-1.164063446,0.77,[23]-??0.1016/j.jallcom.2022.165219
675,238,AB2(C14),(Zr)(Mn0.48Fe0.52)2.33,1.27832027,29.4,,,104.9,2.131334784,0.756748443,0.85,[228]-??0.1016/j.jallcom.2022.165219
676,239,AB2(C14),(Zr)(Mn0.52Fe0.48)2.36,1.236001576,31,,,106,1.275849278,0.243612057,0.82,[228]-??0.1016/j.jallcom.2022.165219
677,240,AB2(C14),(Zr)(Mn0.55Fe0.45)2.8,1.380847888,9.4,,,43.3,4.120129737,1.415884653,0.9,[23]-??0.1016/j.jallcom.2022.165219
678,241,AB2(C14),(Zr)(Mn0.5Co0.5)2,1.495863778,34.73,,,108.78,0.395856601,-0.926703251,1.03,"[23],[44]-??0.1016/j.jallcom.2022.165219"
679,242,AB2(C14),(Zr)(Mn0.5Fe0.35Co0.15)2,1.207095932,23.73,,,87.22,2.50324141,0.917586456,0.82,[243]-??0.1016/j.jallcom.2022.165219
680,243,AB2(C14),(Zr)(Mn0.5Fe0.5)2,1.43120096,30.12,,,89.54,0.251303681,-1.381093188,0.97,[44]-??0.1016/j.jallcom.2022.165219
681,244,AB2(C14),(Zr)(Mn0.5Fe0.5)2,1.474812097,36.9,,,109.3,0.175602053,-1.739534909,1,[50]-??0.1016/j.jallcom.2022.165219
682,245,AB2(C14),(Zr)(Mn0.62Fe0.37)3.2,0.751430713,6.8,,,32.8,3.326270659,1.201851754,0.48,[55]-??0.1016/j.jallcom.2022.165219
683,246,AB2(C14),(Zr)(Mn0.6Co0.4)2,1.50162645,35.98,,,105.44,0.15998696,-1.832662969,1.03,"[23],[44]-??0.1016/j.jallcom.2022.165219"
684,247,AB2(C14),(Zr)(Mn0.6Fe0.4)2,1.577815952,33.05,,,96.23,0.17231653,-1.758422205,1.07,"[23],[44]-??0.1016/j.jallcom.2022.165219"
685,248,AB2(C14),(Zr)(Mn0.71Co0.29)2.8,0.841287801,23.8,,,84,1.652136273,0.502069161,0.55,[57]-??0.1016/j.jallcom.2022.165219
686,249,AB2(C14),(Zr)(Mn0.71Co0.29)2.8,0.91706713,18.5,,,50,0.234756295,-1.449207345,0.6,[58]-??0.1016/j.jallcom.2022.165219
687,250,AB2(C14),(Zr)(Mn0.71Cu0.29)2.8,1.378816663,35.9,,,83.4,0.011664437,-4.45121061,0.92,[57]-??0.1016/j.jallcom.2022.165219
688,251,AB2(C14),(Zr)(Mn0.71Cu0.29)2.8,1.378816663,31.6,,,83.4,0.066099164,-2.716599174,0.92,"[57],[23]-??0.1016/j.jallcom.2022.165219"
689,252,AB2(C14),(Zr)(Mn0.71Cu0.29)2.8,1.40836879,27,,,61.2,0.029274703,-3.531031515,0.94,[58]-??0.1016/j.jallcom.2022.165219
690,253,AB2(C14),(Zr)(Mn0.71Fe0.29)2.79,1.170021378,29.3,,,107.6,3.070454688,1.121825657,0.76,[228]-??0.1016/j.jallcom.2022.165219
691,254,AB2(C14),(Zr)(Mn0.71Fe0.29)2.8,1.730441272,25,,,83,0.902775326,-0.102281565,1.13,"[57],[23],[55]-??0.1016/j.jallcom.2022.165219"
692,255,AB2(C14),(Zr)(Mn0.71Ni0.29)2.8,1.295235607,18.6,,,70.8,2.751465478,1.012133671,0.85,[58]-??0.1016/j.jallcom.2022.165219
693,256,AB2(C14),(Zr)(Mn0.71Ni0.29)2.8,1.325307836,26.4,,,92.1,1.533337268,0.427446581,0.87,[57]-??0.1016/j.jallcom.2022.165219
694,257,AB2(C14),(Zr)(Mn0.75Co0.25)2,1.654564328,44.35,,,117.15,0.022354981,-3.800706109,1.13,"[23],[44]-??0.1016/j.jallcom.2022.165219"
695,258,AB2(C14),(Zr)(Mn0.88Fe0.13)3.2,1.236493141,21.7,,,80.3,2.469941457,0.904194449,0.79,[56]-??0.1016/j.jallcom.2022.165219
696,259,AB2(C14),(Zr)(Mn0.88Ni0.13)3.2,1.292670693,15.89,,,65.18,4.176223464,1.429407361,0.83,[58]-??0.1016/j.jallcom.2022.165219
697,260,AB2(C14),(Zr)(Mn0.8Fe0.2)2,1.083805065,42.2,,,103.8,0.010683589,-4.539046492,0.73,[50]-??0.1016/j.jallcom.2022.165219
698,261,AB2(C14),(Zr)(Mn0.93Fe0.07)2.8,1.416574568,15,,,47.4,0.704670883,-0.350024418,0.92,[56]-??0.1016/j.jallcom.2022.165219
699,262,AB2(C14),(Zr)(V0.15Fe0.85)1.92,1.703229511,29.1,,,102.2,1.738513489,0.553030432,1.16,[227]-??0.1016/j.jallcom.2022.165219
700,263,AB2(C14),(Zr)(V0.25Co0.75)2,1.452932823,34.31,,,109.62,0.518794893,-0.65624667,1,"[23],[44]-??0.1016/j.jallcom.2022.165219"
701,264,AB2(C14),(Zr)(V0.25Fe0.75)1.92,1.812661296,42.5,,,123.6,0.102421544,-2.278658194,1.23,[227]-??0.1016/j.jallcom.2022.165219
702,265,AB2(C14),(Zr)(V0.25Fe0.75)2,1.5883767,32.22,,,87.86,0.088011496,-2.430287841,1.07,"[23],[44]-??0.1016/j.jallcom.2022.165219"
703,266,AB2(C14),(Zr)(V0.5Co0.5)2,1.815904225,49.37,,,101.67,0.000458481,-7.687591949,1.23,"[23],[44]-??0.1016/j.jallcom.2022.165219"
704,267,AB2(C14),(Zr)(V0.5Fe0.5)2,1.607727658,48.12,,,93.72,0.000291778,-8.139515713,1.07,"[23],[44]-??0.1016/j.jallcom.2022.165219"
705,268,AB2(C15),(Sc)(Fe)1.8,1.734762158,29.6,,,86,0.202484274,-1.597093055,0.91,"[119],[118]-??0.1016/j.jallcom.2022.165219"
706,269,AB2(C15),(Sc0.2Zr0.8)(Fe)2,1.884337122,21,,,117,270.587743,5.600596419,1.23,[119]-??0.1016/j.jallcom.2022.165219
707,270,AB2(C15),(Sc0.5Zr0.5)(Fe)2,1.978416054,19,,,95,43.00790257,3.761383879,1.2,[119]-??0.1016/j.jallcom.2022.165219
708,271,AB2(C15),(Ti)(Cr)1.8,2.452151837,21.3,,,116,212.5769202,5.3593039,1.26,[120]-??0.1016/j.jallcom.2022.165219
709,272,AB2(C15),(Ti)(Cr0.93Mo0.07)2.37,0,17.2,,,117,1253.266787,7.133508851,0,[218]-??0.1016/j.jallcom.2022.165219
710,273,AB2(C15),(Ti)(Cr0.95Ni0.05)1.85,2.137384664,20.5,,,107.8,109.4844745,4.695782754,1.1,[218]-??0.1016/j.jallcom.2022.165219
711,274,AB2(C15),(Ti0.15Zr0.85)(V0.06Mn0.33Fe0.06Ni0.56)1.96,1.691529151,33.984,,,107.67,0.468007248,-0.759271496,1.13,[125]-??0.1016/j.jallcom.2022.165219
712,275,AB2(C15),(Ti0.15Zr0.85)(V0.06Mn0.33Fe0.06Ni0.56)2.01,1.71020377,35.25,,,113.33,0.554755648,-0.589227537,1.14,[125]-??0.1016/j.jallcom.2022.165219
713,276,AB2(C15),(Ti0.15Zr0.85)(V0.06Mn0.33Fe0.06Ni0.56)2.06,1.521564183,34.538,,,116.61,1.096899613,0.092487666,1.01,[125]-??0.1016/j.jallcom.2022.165219
714,277,AB2(C15),(Ti0.15Zr0.85)(V0.06Mn0.33Fe0.06Ni0.56)2.11,1.510021468,28.129,,,98.06,1.563300352,0.446799197,1,[125]-??0.1016/j.jallcom.2022.165219
715,278,AB2(C15),(Ti0.21Zr0.78La0.01)(V0.06Mn0.32Fe0.06Ni0.56Sn0.01)2.15,0.946623264,35.4,,,130,3.877596912,1.355215609,0.62,[36]-??0.1016/j.jallcom.2022.165219
716,279,AB2(C15),(Ti0.21Zr0.78La0.01)(V0.06Mn0.32Fe0.06Ni0.56Sn0.01)2.18,1.564598807,31.8,,,119,4.412512085,1.484444161,1.03,[36]-??0.1016/j.jallcom.2022.165219
717,280,AB2(C15),(Ti0.2Zr0.8)(Fe)2,1.773768444,19.8,,,125,1149.243247,7.046858959,1.16,"[218],[219]-??0.1016/j.jallcom.2022.165219"
718,281,AB2(C15),(Ti0.2Zr0.8)(V0.1Fe0.5Ni0.4)2,1.866556318,26.8,,,118.3,30.48525187,3.417243022,1.23,"[218],[219]-??0.1016/j.jallcom.2022.165219"
719,282,AB2(C15),(Ti0.37Zr0.63)(Al0.01V0.15Cr0.05Mn0.06Ni0.61Co0.12Sn0.01)1.98,0.931330914,12,,,47,2.252544263,0.812060361,0.59,"[177,231]-??0.1016/j.jallcom.2022.165219"
720,283,AB2(C15),(Ti0.37Zr0.63)(Al0.01V0.15Cr0.05Mn0.06Ni0.6Co0.12Sn0.01)2.1,0.902904336,11,,,47,3.371839257,1.215458369,0.57,"[177,231]-??0.1016/j.jallcom.2022.165219"
721,284,AB2(C15),(Ti0.37Zr0.63)(Al0.01V0.15Cr0.05Mn0.06Ni0.6Co0.12Sn0.01)2.2,0.621310047,7,,,32,2.786966309,1.02495366,0.39,"[177,231]-??0.1016/j.jallcom.2022.165219"
722,285,AB2(C15),(Ti0.37Zr0.63)(Al0.01V0.15Cr0.08Mn0.08Ni0.6Co0.08Sn0.01)2.1,1.063326337,20,,,72,1.807065391,0.591704199,0.67,"[177,231]-??0.1016/j.jallcom.2022.165219"
723,286,AB2(C15),(Ti0.37Zr0.63)(Al0.01V0.15Cr0.08Mn0.08Ni0.6Co0.08Sn0.01)2.2,0.76629852,14,,,54,2.333049377,0.847176157,0.48,"[177,231]-??0.1016/j.jallcom.2022.165219"
724,287,AB2(C15),(Ti0.4Zr0.6)(Fe0.6Ni0.4)2,1.646523657,16.5,,,124,3857.595226,8.25779927,1.04,[218]-??0.1016/j.jallcom.2022.165219
725,288,AB2(C15),(Ti0.8Zr0.2)(V0.1Fe0.5Ni0.4)2,2.146834352,15.1,,,117,2923.815348,7.980644668,1.23,"[218],[219]-??0.1016/j.jallcom.2022.165219"
726,289,AB2(C15),(Y0.09Zr0.91)(Fe)1.97,1.206349386,23.73,,,119.99,128.8870544,4.858936474,0.82,[244]-??0.1016/j.jallcom.2022.165219
727,290,AB2(C15),(Y0.14Zr0.86)(Fe)2.04,1.54649834,24.41,,,118.69,83.78640617,4.428270777,1.05,[244]-??0.1016/j.jallcom.2022.165219
728,291,AB2(C15),(Y0.26Zr0.74)(Fe)2.05,1.636508619,24.05,,,105.01,18.69316278,2.92815783,1.11,[244]-??0.1016/j.jallcom.2022.165219
729,292,AB2(C15),(Y0.29Zr0.71)(Fe)2.02,1.692250291,29.19,,,114.49,7.351329703,1.994881209,1.15,[244]-??0.1016/j.jallcom.2022.165219
730,293,AB2(C15),(Y0.2Zr0.8)(Fe)1.95,1.582937877,25.06,,,116.53,49.71328198,3.90627214,1.08,[244]-??0.1016/j.jallcom.2022.165219
731,294,AB2(C15),(Y0.39Zr0.61)(Fe)1.98,1.776988871,31.3,,,107.58,1.367007683,0.312624178,1.21,[244]-??0.1016/j.jallcom.2022.165219
732,295,AB2(C15),(Zr)(Al0.03Fe0.97)1.93,1.503563689,12.64,,,83.13,134.2029657,4.899353323,1.02,[227]-??0.1016/j.jallcom.2022.165219
733,296,AB2(C15),(Zr)(Al0.05Fe0.95)1.93,1.307158953,15.2,,,90.6,117.3422173,4.7650946,0.88,[227]-??0.1016/j.jallcom.2022.165219
734,297,AB2(C15),(Zr)(Al0.07Fe0.93)1.92,1.254710939,15.9,,,88.5,68.72702165,4.23014245,0.84,[227]-??0.1016/j.jallcom.2022.165219
735,298,AB2(C15),(Zr)(Al0.12Fe0.88)1.92,1.002639825,19.3,,,90.3,21.65163196,3.075080831,0.66,[227]-??0.1016/j.jallcom.2022.165219
736,299,AB2(C15),(Zr)(Al0.12Fe0.88)2,1.414571354,19.3,,,92.4,27.87288562,3.327654375,0.93,[178]-??0.1016/j.jallcom.2022.165219
737,300,AB2(C15),(Zr)(Al0.15Fe0.85)1.92,0.905027989,21.4,,,92.3,11.80462313,2.468491246,0.59,[227]-??0.1016/j.jallcom.2022.165219
738,301,AB2(C15),(Zr)(Al0.16Fe0.84)2,1.43119488,23.4,,,97.9,10.33178101,2.33522468,0.93,[178]-??0.1016/j.jallcom.2022.165219
739,302,AB2(C15),(Zr)(Al0.1Fe0.9)1.92,1.146256016,18.1,,,92.9,48.03205224,3.871868543,0.76,[227]-??0.1016/j.jallcom.2022.165219
740,303,AB2(C15),(Zr)(Al0.2Fe0.8)2,1.356047611,28.7,,,101.5,1.877983235,0.630198454,0.87,[178]-??0.1016/j.jallcom.2022.165219
741,304,AB2(C15),(Zr)(Cr)2,1.929227299,46.02,,,98.32,0.001183684,-6.739123561,1.27,[44]-??0.1016/j.jallcom.2022.165219
742,305,AB2(C15),(Zr)(Cr)2,1.973900045,39.2,,,98,0.017837781,-4.026436541,1.3,[23]-??0.1016/j.jallcom.2022.165219
743,306,AB2(C15),(Zr)(Cr0.1Fe0.9)2,1.777827072,22,,,109,69.06260976,4.235013481,1.21,"[218],[219]-??0.1016/j.jallcom.2022.165219"
744,307,AB2(C15),(Zr)(Cr0.1Fe0.9)2,0.639114274,23.2,,,108,37.73781925,3.630662755,0.43,[219]-??0.1016/j.jallcom.2022.165219
745,308,AB2(C15),(Zr)(Fe)1.9,1.846503599,21.8,,,121.4,332.6462868,5.807079724,1.27,"[219],[245]-??0.1016/j.jallcom.2022.165219"
746,309,AB2(C15),(Zr)(Fe)2,1.79995123,21.2,,,122,455.4483864,6.121282398,1.23,"[119],[219]-??0.1016/j.jallcom.2022.165219"
747,310,AB2(C15),(Zr)(Fe)2.5,1.786150054,18.3,,,120,1153.53958,7.05059039,1.19,"[219],[245]-??0.1016/j.jallcom.2022.165219"
748,311,AB2(C15),(Zr)(Fe0.6Ni0.4)2,1.780318157,21.7,,,114,142.2233152,4.957398465,1.23,[219]-??0.1016/j.jallcom.2022.165219
749,312,AB2(C15),(Zr)(Fe0.7Ni0.3)2,1.742403699,21.6,,,114,148.0778672,4.997738265,1.2,[219]-??0.1016/j.jallcom.2022.165219
750,313,AB2(C15),(Zr)(Fe0.8Ni0.2)2,0.735489025,22,,,115,142.1172155,4.956652178,0.5,[219]-??0.1016/j.jallcom.2022.165219
751,314,AB2(C15),(Zr)(Fe0.8Ni0.2)2,1.747183183,18.7,,,111,332.5443189,5.806773141,1.2,[219]-??0.1016/j.jallcom.2022.165219
752,315,AB2(C15),(Zr)(Fe0.9Co0.1)2,1.722893272,16.8,,,108.1,504.9388435,6.22443732,1.18,"[119],[219]-??0.1016/j.jallcom.2022.165219"
753,316,AB2(C15),(Zr)(Fe0.9Cu0.1)2,1.629457317,19.6,,,112,260.8610916,5.56398805,1.12,"[218,219]-??0.1016/j.jallcom.2022.165219"
754,317,AB2(C15),(Zr)(Fe0.9Ni0.1)2,0.590897965,22.6,,,120,203.5636951,5.315978954,0.4,[219]-??0.1016/j.jallcom.2022.165219
755,318,AB2(C15),(Zr)(Fe0.9Ni0.1)2,1.723292342,21.5,,,119.7,306.0152167,5.723634828,1.18,"[218],[219]-??0.1016/j.jallcom.2022.165219"
756,319,AB2(C15),(Zr)(Mn0.11Fe0.89)1.97,0.783007672,18.06,,,91.23,39.9308161,3.687148359,0.53,[232]-??0.1016/j.jallcom.2022.165219
757,320,AB2(C15),(Zr)(Mn0.15Fe0.85)1.91,1.187884388,19.06,,,91.76,28.43142656,3.347495102,0.81,[232]-??0.1016/j.jallcom.2022.165219
758,321,AB2(C15),(Zr)(Mn0.1Fe0.9)2,1.772758771,21.8,,,115.8,169.6182414,5.133550273,1.21,"[218],[219]-??0.1016/j.jallcom.2022.165219"
759,322,AB2(C15),(Zr)(Mn0.2Fe0.8)1.92,1.521637889,19.97,,,92.81,22.34694643,3.106689687,1.04,[232]-??0.1016/j.jallcom.2022.165219
760,323,AB2(C15),(Zr)(Mn0.3Fe0.7)1.95,1.583460355,25.5,,,99.25,5.209362925,1.650457569,1.08,[232]-??0.1016/j.jallcom.2022.165219
761,324,AB2(C15),(Zr)(V)2,2.444168462,91.21,,,133.89,1.03E-09,-20.69056482,1.6,[41]-??0.1016/j.jallcom.2022.165219
762,325,AB2(C15),(Zr)(V)2,2.785730038,78,,,88.4,8.96E-10,-20.83290118,1.83,[123]-??0.1016/j.jallcom.2022.165219
763,326,AB2(C15),(Zr)(V0.02Fe0.98)2.03,1.732640218,20.41,,,113.86,235.3193809,5.460943659,1.18,[246]-??0.1016/j.jallcom.2022.165219
764,327,AB2(C15),(Zr)(V0.05Fe0.95)1.93,1.350072588,23,,,115.1,96.08963766,4.565281481,0.92,[227]-??0.1016/j.jallcom.2022.165219
765,328,AB2(C15),(Zr)(V0.05Fe0.95)2.06,1.578589748,20.69,,,111.99,167.8518071,5.123081489,1.07,[246]-??0.1016/j.jallcom.2022.165219
766,329,AB2(C15),(Zr)(V0.05Mn0.09Fe0.86)1.92,1.523752694,19.27,,,87.86,16.34163863,2.793716368,1.04,[232]-??0.1016/j.jallcom.2022.165219
767,330,AB2(C15),(Zr)(V0.05Mn0.15Fe0.79)1.94,1.582370338,20.75,,,85.58,6.837790207,1.92246461,1.08,[232]-??0.1016/j.jallcom.2022.165219
768,331,AB2(C15),(Zr)(V0.07Fe0.93)1.98,1.645185165,21.86,,,111.61,100.0231876,4.605402035,1.12,[246]-??0.1016/j.jallcom.2022.165219
769,332,AB2(C15),(Zr)(V0.08Fe0.92)2.01,1.706725094,22.03,,,108.38,63.32892709,4.148342209,1.16,[246]-??0.1016/j.jallcom.2022.165219
770,333,AB2(C15),(Zr)(V0.1Fe0.9)1.92,1.555030775,24.2,,,105.4,18.44059795,2.914554644,1.06,[227]-??0.1016/j.jallcom.2022.165219
771,334,AB2(C15),(Zr)(V0.1Fe0.9)2,1.765202736,23.6,,,102,15.60614668,2.747664854,1.2,"[218],[219]-??0.1016/j.jallcom.2022.165219"
