Hydrogen_Weight_Percent,Heat_of_Formation_kJperMolH2,Temperature_oC,Pressure_Atmospheres_Absolute,Entropy_of_Formation_JperMolH2perK,Equilibrium_Pressure_25C,LnEquilibrium_Pressure_25C,HtoM,Material_Class_TE,Composition_Formula_TE
0.8,130.0,500.0,0.001,110.7111341,1.02e-17,-39.12734919,1.309570902,2.65,1.5824232210823213
2.2,130.0,500.0,0.12,150.5151017,1.22e-15,-34.33985744,1.184849764,2.425,1.5824232210823213
1.3,144.0,600.0,0.003,116.6219783,7.3e-20,-44.06415468,1.071442643,2.5875,1.5824232210823213
1.3,183.0,604.0,0.003,160.3320844,2.06e-24,-54.53984259,1.050306833,2.5142857142857147,1.5824232210823213
3.6,64.5,299.0,3.2,122.4032958,1.24e-05,-11.29768679,1.325125963,2.425,1.5824232210823213
3.1,64.5,279.0,1.0,116.8160826,6.33e-06,-11.96969861,1.135826976,2.5142857142857147,1.5824232210823213
3.3,65.2,300.0,1.9,119.0937814,6.28e-06,-11.97813154,1.20289422,2.4333333333333336,1.5824232210823213
3.2,61.0,250.0,0.9,115.7253731,2.28e-05,-10.68894995,1.154718997,2.5875,1.5824232210823213
3.2,59.0,250.0,1.2,114.2942123,4.3e-05,-10.05426495,1.186284381,2.5142857142857147,1.5824232210823213
3.2,59.0,250.0,1.3,114.9597001,4.66e-05,-9.974222238,1.143434343,2.65,1.5824232210823213
1.4,46.8,40.0,0.05,124.5421513,0.020240456,-3.900071891,2.049324255,1.3925925925925926,1.5824232210823213
1.2,45.3,40.0,0.01,106.3709919,0.004167143,-5.480524559,1.751563163,1.364,1.5824232210823213
1.7,28.6,22.0,2.0,102.6628173,2.248848659,0.810418378,0.890843502,1.377777777777778,1.5824232210823213
1.7,31.8,30.0,1.4,107.6960487,1.133019834,0.124886488,0.917069223,1.3208333333333333,1.5824232210823213
1.5,7.6,27.0,14.0,47.26221525,13.71689239,2.618628095,0.721408932,1.3208333333333333,1.5824232210823213
1.5,60.0,150.0,3.2,151.464311,0.002511245,-5.986976569,0.875513974,1.364,1.5824232210823213
1.0,28.9,30.0,3.3,105.258805,2.722722437,1.001632276,0.541364538,1.4551724137931035,1.5824232210823213
1.3,57.8,150.0,2.2,143.1499481,0.002243992,-6.099498681,0.697762648,1.377777777777778,1.5824232210823213
1.1,42.3,100.0,4.0,124.8851107,0.129577513,-2.043476019,0.580701743,1.364,1.5824232210823213
1.6,46.9,120.0,3.2,128.9635115,0.033086627,-3.408626087,0.845291489,1.377777777777778,1.5824232210823213
1.6,126.0,500.0,0.15,147.1967123,4.11e-15,-33.12534177,0.898607885,1.3208333333333333,1.5824232210823213
1.9,28.1,30.0,5.2,106.4005961,4.313248552,1.461691345,0.99637558,1.3208333333333333,1.5824232210823213
1.5,48.6,50.0,0.035,122.522107,0.007679702,-4.869174591,0.792024414,1.377777777777778,1.5824232210823213
2.0,34.7,40.0,1.4,113.6069999,0.716015777,-0.334053078,1.043703103,1.3925925925925926,1.5824232210823213
1.4,30.5,21.0,0.7,100.7231421,0.827489547,-0.189358803,0.664479353,1.364,1.5824232210823213
1.3,41.0,150.0,7.0,113.0709613,0.052865188,-2.940010227,0.678776025,1.377777777777778,1.5824232210823213
1.0,41.9,50.0,0.28,119.077509,0.075726177,-2.580631375,0.52249519,1.4551724137931035,1.5824232210823213
1.6,29.3,50.0,9.0,108.938042,3.606705906,1.282794864,0.836129277,1.3208333333333333,1.5824232210823213
1.3,30.0,25.0,1.2,102.1363435,1.2,0.182321557,0.658728902,1.364,1.5824232210823213
1.5,30.6,50.0,5.0,108.0739898,1.924057491,0.654436233,0.785750691,1.364,1.5824232210823213
1.1,30.5,150.0,20.0,96.98545362,0.527864419,-0.638915811,0.570059449,1.3925925925925926,1.5824232210823213
1.9,29.5,25.0,2.6,106.8877589,2.6,0.955511445,0.995504256,1.3925925925925926,1.5824232210823213
1.4,35.6,50.0,1.8,115.0525096,0.59258495,-0.523261041,0.732454643,1.3208333333333333,1.5824232210823213
0.3,35.2,790.0,0.01,-5.178960397,3.65e-07,-14.82294708,0.410647418,1.3925925925925926,1.5824232210823213
1.3,59.0,50.0,0.001,125.1455745,0.000158604,-8.749098387,1.551167929,1.3208333333333333,1.5824232210823213
1.3,50.0,50.0,0.02,122.2017257,0.004200788,-5.472483267,1.549601265,1.3208333333333333,1.5824232210823213
0.9,69.2,300.0,0.02,88.21110067,3.05e-08,-17.30624067,0.524531814,1.4551724137931035,1.5824232210823213
0.6,55.0,150.0,0.08,108.9782398,0.00011392,-9.080012075,0.889150693,1.4551724137931035,1.5824232210823213
1.1,76.2,200.0,0.2,147.6671706,2.31e-06,-12.97892928,1.0691476,1.377777777777778,1.5824232210823213
1.4,80.3,200.0,0.03,140.5595416,1.88e-07,-15.48779355,1.241949762,1.3925925925925926,1.5824232210823213
1.7,76.3,200.0,0.005,117.2085898,5.69e-08,-16.68272933,1.288104278,1.3208333333333333,1.5824232210823213
1.6,83.0,250.0,0.01,120.3661885,5.57e-09,-19.00579188,1.210791939,1.364,1.5824232210823213
2.0,64.0,300.0,1.0,111.6636134,4.17e-06,-12.38771576,1.517628361,1.364,1.5824232210823213
2.1,85.0,25.0,0.05,260.1844025,0.05,-2.995732274,1.116961752,1.5732954545454545,1.5824232210823213
1.5,58.0,80.0,0.0001,87.65992598,2.61e-06,-12.85434008,1.380781162,1.5732954545454545,1.5824232210823213
0.4,133.0,650.0,0.0003,76.62973059,5.03e-20,-44.4367801,0.591116621,1.597802197802198,1.5824232210823213
1.9,39.0,120.0,1.5,102.5698805,0.033499469,-3.396225702,1.169954705,1.5403409090909093,1.5824232210823213
1.8,40.0,70.0,1.5,119.9382003,0.180751725,-1.710630874,1.087561767,1.6028735632183906,1.5824232210823213
1.8,48.0,20.0,0.3,153.728679,0.417402829,-0.873703506,1.064583352,1.597802197802198,1.5824232210823213
1.7,40.6,20.0,0.5,132.7327148,0.661136868,-0.413794399,1.006224081,1.5738372093023256,1.5824232210823213
1.7,41.0,17.0,0.9,140.4302368,1.420024942,0.350674436,0.999954435,1.597802197802198,1.5824232210823213
,23.0,0.0,3.0,93.33685621,7.013375852,1.947819162,,1.5732954545454545,1.5824232210823213
,30.0,0.0,2.0,115.5926997,6.054539488,1.800808319,,1.6028735632183906,1.5824232210823213
1.8,28.0,20.0,12.0,116.1741508,14.54960347,2.67756374,0.991986325,1.597802197802198,1.5824232210823213
2.0,28.9,20.0,5.0,111.9654652,6.099992566,1.808287552,1.10720315,1.5738372093023256,1.5824232210823213
1.9,30.5,20.0,2.2,110.597659,2.713708032,0.998315977,1.049419886,1.5738372093023256,1.5824232210823213
1.9,29.0,20.0,9.0,117.1935393,10.98754412,2.396762278,1.053188376,1.5732954545454545,1.5824232210823213
2.0,27.5,30.0,10.0,109.8582265,8.327888944,2.119609996,1.113159469,1.5403409090909093,1.5824232210823213
1.6,27.0,30.0,3.0,98.19885664,2.50669214,0.918964012,0.91795967,1.6028735632183906,1.5824232210823213
1.7,25.4,30.0,11.0,103.7233867,9.289575147,2.22889282,0.954303667,1.5403409090909093,1.5824232210823213
2.0,45.6,30.0,0.5,144.657648,0.369149651,-0.99655316,1.109600863,1.5732954545454545,1.5824232210823213
1.9,30.5,20.0,2.0,109.805235,2.467007302,0.903005797,1.056956866,1.5732954545454545,1.5824232210823213
2.0,35.0,14.0,1.0,121.8875152,1.717513007,0.540877318,1.145363463,1.6028735632183906,1.5824232210823213
1.7,29.0,20.0,4.0,110.4513365,4.883352942,1.585832062,0.998607605,1.5738372093023256,1.5824232210823213
1.3,46.5,25.0,0.01,117.6736471,0.01,-4.605170186,0.751815257,1.6028735632183906,1.5824232210823213
1.7,21.9,20.0,5.5,88.87932872,6.394469394,1.85543346,0.894327342,1.5738372093023256,1.5824232210823213
2.9,28.8,60.0,0.4,78.82935932,0.118023154,-2.136874458,1.524921486,1.5738372093023256,1.5824232210823213
3.3,33.2,120.0,1.0,84.44614015,0.039308632,-3.236311151,1.724937173,1.5738372093023256,1.5824232210823213
3.6,35.3,90.0,0.08,76.20570216,0.006253552,-5.074605619,1.868459544,1.5403409090909093,1.5824232210823213
1.6,56.8,80.0,0.003,112.5400323,8.46e-05,-9.377749598,1.508927012,1.5732954545454545,1.5824232210823213
0.5,74.6,100.0,0.0003,132.4774063,7.08e-07,-14.16044842,0.537914188,1.5732954545454545,1.5824232210823213
1.4,25.6,45.0,3.0,89.59922662,1.567375786,0.449402747,0.943719245,1.6028735632183906,1.5824232210823213
1.6,39.9,30.0,0.3,121.6079896,0.230051281,-1.469453036,1.074923698,1.5738372093023256,1.5824232210823213
1.8,27.0,23.0,4.0,102.6958869,4.305323098,1.459852187,1.0752267,1.5732954545454545,1.5824232210823213
1.0,29.3,50.0,2.0,96.43290338,0.801490201,-0.221282533,0.796900613,1.5732954545454545,1.5824232210823213
1.6,29.7,30.0,5.0,111.352424,4.103436558,1.411824808,1.040988705,1.5403409090909093,1.5824232210823213
1.2,46.5,100.0,0.8,122.7595152,0.018435843,-3.993458508,0.76067002,1.5738372093023256,1.5824232210823213
1.4,37.9,100.0,1.0,101.5677342,0.046281665,-3.073009395,0.897695367,1.5738372093023256,1.5824232210823213
1.4,34.0,120.0,7.0,102.6595933,0.254517826,-1.368384403,0.925430418,1.5738372093023256,1.5824232210823213
1.2,29.1,30.0,2.5,103.61027,2.059925487,0.722669811,0.778428778,1.5738372093023256,1.5824232210823213
1.3,19.0,23.0,6.0,79.05365048,6.318756191,1.843522384,0.838128942,1.6028735632183906,1.5824232210823213
1.1,20.0,0.0,10.0,92.36390115,20.92669993,3.041025852,0.714925642,1.5738372093023256,1.5824232210823213
1.2,28.0,23.0,3.0,103.6807197,3.237801267,1.174894478,0.792409604,1.5732954545454545,1.5824232210823213
1.4,32.0,23.0,0.6,103.8062659,0.654655603,-0.423645978,0.900826246,1.5732954545454545,1.5824232210823213
1.1,21.0,0.0,8.0,94.16964231,17.37103804,2.854804339,0.714368607,1.5738372093023256,1.5824232210823213
1.7,21.0,23.0,1.0,70.91001182,1.05887989,0.057211642,1.117222444,1.6028735632183906,1.5824232210823213
1.5,29.9,20.0,3.0,111.1296027,3.685265379,1.304342539,1.010216038,1.5738372093023256,1.5824232210823213
1.5,23.0,23.0,1.5,81.03444765,1.596997778,0.468125478,0.979780034,1.6028735632183906,1.5824232210823213
1.6,32.2,50.0,0.25,88.11825637,0.091516978,-2.391230769,1.077893115,1.5403409090909093,1.5824232210823213
1.0,36.0,24.0,10.0,140.2949924,10.50087528,2.351458614,0.639224973,1.5732954545454545,1.5824232210823213
1.7,49.4,50.0,0.1,133.7261256,0.021400953,-3.844319831,1.138436321,1.5732954545454545,1.5824232210823213
1.6,31.0,150.0,10.0,92.40413183,0.248665319,-1.391647386,1.086199536,1.6028735632183906,1.5824232210823213
1.2,29.8,30.0,0.6,94.05408558,0.492084863,-0.709104093,0.976033835,1.5732954545454545,1.5824232210823213
1.6,48.1,50.0,0.0012,92.93095923,0.000267445,-8.226596493,1.064709963,1.5403409090909093,1.5824232210823213
1.3,29.4,30.0,2.0,102.7446281,1.64465423,0.497530168,0.864583914,1.5403409090909093,1.5824232210823213
1.5,13.0,23.0,1.0,43.89667398,1.036051373,0.035416731,0.999169787,1.6028735632183906,1.5824232210823213
1.2,31.0,40.0,2.0,104.7570282,1.098690264,0.094118802,0.795801442,1.597802197802198,1.5824232210823213
1.5,33.0,50.0,0.4,94.50157179,0.142816526,-1.946194504,1.042931367,1.5738372093023256,1.5824232210823213
1.0,9.0,23.0,4.0,41.9158768,4.099289378,1.410813636,0.649251387,1.6028735632183906,1.5824232210823213
1.6,38.8,50.0,0.1,100.9240213,0.029792391,-3.513502256,1.095259302,1.6028735632183906,1.5824232210823213
1.7,37.4,50.0,0.01,77.44760929,0.003112296,-5.772394461,1.150074255,1.5403409090909093,1.5824232210823213
1.4,32.0,50.0,0.07,76.91570972,0.0257852,-3.657954604,0.919898872,1.5738372093023256,1.5824232210823213
1.4,15.0,100.0,0.12,22.57010351,0.035561412,-3.336494168,0.909042075,1.6028735632183906,1.5824232210823213
1.3,33.6,100.0,3.0,99.17825539,0.196765163,-1.625744325,0.846003782,1.597802197802198,1.5824232210823213
,29.9,23.0,0.3,90.95232883,0.325460452,-1.122514323,,1.5732954545454545,1.5824232210823213
1.2,23.0,100.0,0.12,44.00920307,0.018589646,-3.985150504,0.767109297,1.6028735632183906,1.5824232210823213
,20.9,23.0,4.0,82.09821683,4.234365809,1.443233567,,1.6028735632183906,1.5824232210823213
,31.6,23.0,0.06,83.31154042,0.065394258,-2.727320817,,1.5403409090909093,1.5824232210823213
,25.0,23.0,0.5,78.65374487,0.535241045,-0.625038083,,1.5732954545454545,1.5824232210823213
0.7,6.8,25.0,3.0,31.941349,3.0,1.098612289,0.446435382,1.5738372093023256,1.5824232210823213
,25.0,23.0,1.6,88.32436564,1.712771343,0.538112727,,1.5732954545454545,1.5824232210823213
1.3,29.2,50.0,0.6,86.11342824,0.241198649,-1.422134416,0.836392888,1.597802197802198,1.5824232210823213
1.2,17.0,30.0,0.7,53.11239705,0.625135519,-0.469786822,0.753055945,1.597802197802198,1.5824232210823213
1.2,17.6,30.0,4.0,69.5829392,3.557970503,1.269190299,0.815072551,1.5403409090909093,1.5824232210823213
1.5,57.9,80.0,0.001,106.5208188,2.63e-05,-10.54547223,1.404746797,1.5732954545454545,1.5824232210823213
1.5,48.0,200.0,2.0,107.2106797,0.001551183,-6.468737145,1.385446328,1.5403409090909093,1.5824232210823213
0.9,49.0,142.0,6.0,132.926601,0.022842785,-3.779119973,1.090351857,1.5403409090909093,1.5824232210823213
1.0,60.0,225.0,3.0,129.5796861,0.000180607,-8.619188054,1.200463631,1.5403409090909093,1.5824232210823213
1.0,33.0,50.0,0.2,88.73863592,0.071408263,-2.639341685,0.846140579,1.5738372093023256,1.5824232210823213
1.2,25.0,50.0,0.2,63.9823308,0.091660106,-2.389668043,1.076631667,1.597802197802198,1.5824232210823213
1.4,44.3,244.0,2.0,91.42473612,0.001033503,-6.8748014,1.618569557,1.5738372093023256,1.5824232210823213
0.8,51.0,300.0,0.16,73.74556823,8.26e-06,-11.70404246,0.586120178,1.6028735632183906,1.5824232210823213
1.05,35.8,40.0,4.0,125.8480815,2.002733908,0.694513201,0.61055045,1.597802197802198,1.5824232210823213
1.5,67.0,100.0,0.001,122.1202831,4.37e-06,-12.3402521,1.303148618,1.597802197802198,1.5824232210823213
1.9,27.4,20.0,9.0,111.7355826,10.8672459,2.385753302,1.005600859,1.5403409090909093,1.5824232210823213
2.1,15.4,25.0,7.0,67.83045947,7.0,1.945910149,1.152985175,1.5403409090909093,1.5824232210823213
2.1,25.5,25.0,3.0,94.66145633,3.0,1.098612289,1.163280552,1.5403409090909093,1.5824232210823213
2.1,26.7,25.0,1.9,94.88871407,1.9,0.641853886,1.161660344,1.5403409090909093,1.5824232210823213
2.1,30.0,25.0,7.0,116.7990994,7.0,1.945910149,1.167074808,1.6028735632183906,1.5824232210823213
2.0,23.2,25.0,3.6,88.46306894,3.6,1.280933845,1.118583503,1.597802197802198,1.5824232210823213
2.1,31.7,25.0,2.7,114.5803741,2.7,0.993251773,1.17489423,1.6028735632183906,1.5824232210823213
2.0,29.1,25.0,3.0,106.7359155,3.0,1.098612289,1.113975524,1.5732954545454545,1.5824232210823213
2.1,26.0,25.0,3.0,96.33846455,3.0,1.098612289,1.169738439,1.5732954545454545,1.5824232210823213
2.0,15.2,20.0,0.06,28.4594444,0.066615004,-2.708825439,1.150178021,1.5738372093023256,1.5824232210823213
1.7,22.5,30.0,24.0,100.6435277,20.66304694,3.028346933,0.909486921,1.6028735632183906,1.5824232210823213
1.8,20.1,-10.0,19.4,101.0360432,57.03937805,4.043741872,0.919035919,1.5732954545454545,1.5824232210823213
2.0,25.5,-10.0,5.7,111.3734196,22.39130848,3.108672869,1.03998715,1.5732954545454545,1.5824232210823213
1.9,19.7,-32.0,20.0,106.5988875,130.8676827,4.874186757,0.970732617,1.5738372093023256,1.5824232210823213
1.8,29.7,-40.0,2.0,133.148739,56.45335214,4.033414671,0.920492678,1.6028735632183906,1.5824232210823213
,24.0,0.0,18.0,111.8948215,43.66298286,3.776500669,,1.5732954545454545,1.5824232210823213
1.6,20.9,20.0,6.0,86.19153222,6.927951885,1.935564226,0.83566581,1.5732954545454545,1.5824232210823213
1.7,32.7,24.0,6.0,124.9424047,6.272361493,1.836152917,0.892929566,1.5403409090909093,1.5824232210823213
,28.0,0.0,2.0,108.2707155,5.623556221,1.726964243,,1.5403409090909093,1.5824232210823213
1.9,27.9,0.0,1.8,107.0286322,5.042548071,1.617911524,1.00124884,1.597802197802198,1.5824232210823213
1.7,24.6,0.0,20.0,114.9674008,49.60116926,3.904014407,0.902119272,1.5403409090909093,1.5824232210823213
1.5,33.0,30.0,1.5,112.2281029,1.204295793,0.185894992,0.970580942,1.5732954545454545,1.5824232210823213
1.5,22.0,23.0,7.0,90.46528543,7.432380184,2.005846155,0.944714165,1.597802197802198,1.5824232210823213
1.7,30.0,23.0,0.8,99.44476592,0.868131018,-0.141412634,1.064049826,1.597802197802198,1.5824232210823213
0.8,14.0,25.0,2.6,54.90050417,2.6,0.955511445,0.490071344,1.5738372093023256,1.5824232210823213
1.7,10.0,23.0,2.0,39.52960816,2.055236281,0.72039082,1.080874558,1.5403409090909093,1.5824232210823213
1.6,27.0,23.0,3.0,100.3040524,3.228992323,1.172170114,1.032032413,1.597802197802198,1.5824232210823213
1.4,30.0,30.0,1.6,102.8685953,1.310481245,0.270394432,0.90778137,1.597802197802198,1.5824232210823213
1.6,1.03,10.0,2.0,9.400583759,2.044512028,0.715159144,1.05638042,1.597802197802198,1.5824232210823213
1.5,34.3,50.0,1.5,109.5137596,0.51426806,-0.665010631,1.032826437,1.5403409090909093,1.5824232210823213
1.6,40.2,50.0,0.7,121.434981,0.199630925,-1.611284994,1.086985928,1.5403409090909093,1.5824232210823213
1.8,49.4,50.0,0.0023,102.3629473,0.000492222,-7.616580894,1.218957273,1.5738372093023256,1.5824232210823213
1.4,50.2,70.0,0.75,143.8998747,0.052687211,-2.943382529,0.931068853,1.6028735632183906,1.5824232210823213
2.0,56.4,70.0,0.25,152.8337378,0.012651371,-4.369989695,1.353620289,1.597802197802198,1.5824232210823213
1.8,42.0,27.0,0.003,91.63189651,0.002679724,-5.922041393,1.183300601,1.5732954545454545,1.5824232210823213
1.0,45.3,100.0,2.0,127.1618371,0.050799472,-2.979869326,0.639126109,1.6028735632183906,1.5824232210823213
1.0,22.0,-78.0,0.4,105.1156077,43.29076189,3.767939261,0.945646946,1.6028735632183906,1.5824232210823213
1.3,27.6,25.0,0.2,79.18973089,0.2,-1.609437912,1.041677154,1.6028735632183906,1.5824232210823213
1.2,55.7,27.0,0.01,147.2857626,0.008609449,-4.754894973,0.573674973,1.089873417721519,1.5824232210823213
1.7,37.7,25.0,0.5,120.6834837,0.5,-0.693147181,0.953757697,1.0607142857142857,1.5824232210823213
1.1,22.9,23.0,2.2,83.88103941,2.341625378,0.850845294,0.818561315,1.0607142857142857,1.5824232210823213
1.5,22.3,25.0,28.0,102.4990446,28.0,3.33220451,1.090511411,1.0607142857142857,1.5824232210823213
1.5,21.0,23.0,18.0,94.94102218,19.05983803,2.9475834,1.094786565,1.0748235294117647,1.5824232210823213
1.5,23.8,23.0,30.0,108.6427759,32.00964433,3.466037243,1.091121017,1.0607142857142857,1.5824232210823213
0.6,39.0,20.0,0.23,120.8185743,0.300793239,-1.201332165,0.43456702,1.0607142857142857,1.5824232210823213
0.6,38.5,20.0,1.0,131.3320826,1.3033052,0.2649035,0.434408999,1.0961904761904762,1.5824232210823213
0.6,38.5,20.0,1.26,133.2535821,1.642164553,0.496015221,0.434250977,1.0748235294117647,1.5824232210823213
1.4,25.0,20.0,11.0,105.2170556,13.06465552,2.569910532,1.075785892,1.089873417721519,1.5824232210823213
0.6,37.0,20.0,1.42,129.1306652,1.831690765,0.605239456,0.434092956,1.0961904761904762,1.5824232210823213
0.6,39.0,20.0,1.45,136.1269325,1.8963052,0.639907361,0.433934934,1.0961904761904762,1.5824232210823213
1.4,24.7,23.0,1.1,84.19610456,1.176568285,0.162601969,1.011302879,1.069,1.5824232210823213
1.4,21.6,23.0,9.0,91.20408665,9.545509533,2.256070838,0.980690475,1.089873417721519,1.5824232210823213
1.2,25.4,23.0,7.0,101.945954,7.501544949,2.015108992,0.86696172,1.0607142857142857,1.5824232210823213
1.5,22.2,23.0,80.0,111.3948787,84.98778273,4.442507514,1.091730622,1.0607142857142857,1.5824232210823213
0.8,30.1,20.0,6.0,117.5747831,7.38068049,1.998865842,0.619025218,1.0607142857142857,1.5824232210823213
1.0,27.3,20.0,20.0,118.0333803,24.13282476,3.183572937,0.735047347,1.0961904761904762,1.5824232210823213
0.8,35.4,20.0,0.6,116.510206,0.765480134,-0.267252016,0.565709724,1.089873417721519,1.5824232210823213
0.7,39.8,115.0,2.5,110.1558656,0.06041389,-2.806536239,0.481563313,1.069,1.5824232210823213
0.8,25.4,0.0,25.0,119.7514455,63.86015337,4.156695589,0.593198057,1.0607142857142857,1.5824232210823213
0.9,32.4,0.0,2.1,124.78473,6.946315496,1.938211375,0.644211803,1.089873417721519,1.5824232210823213
1.2,26.0,25.0,1.3,89.38576551,1.3,0.262364264,0.894525978,1.0961904761904762,1.5824232210823213
0.9,32.7,20.0,7.0,127.725596,8.766223593,2.170906109,0.652991611,1.0961904761904762,1.5824232210823213
0.9,41.5,20.0,0.2,128.1846286,0.266097477,-1.323892582,0.629182191,1.089873417721519,1.5824232210823213
0.9,24.1,0.0,22.0,113.9293287,53.56326979,3.980863568,0.664524454,1.0748235294117647,1.5824232210823213
0.9,35.9,60.0,4.0,119.2851393,0.873543669,-0.135197158,0.640715034,1.0961904761904762,1.5824232210823213
1.1,37.2,22.0,0.33,116.8200107,0.384378298,-0.95612806,0.798823997,1.0748235294117647,1.5824232210823213
1.13,44.1,40.0,0.054,116.5599516,0.023030464,-3.77093741,0.772126298,1.0961904761904762,1.5824232210823213
1.4,42.5,25.0,0.5,136.7827626,0.5,-0.693147181,1.050579684,1.0748235294117647,1.5824232210823213
0.62,33.5,25.0,0.3,102.3495292,0.3,-1.203972804,0.416368985,1.069,1.5824232210823213
1.4,34.8,20.0,0.3,108.7005364,0.381163233,-0.964527563,1.024532882,1.069,1.5824232210823213
1.4,44.4,25.0,0.3,138.9083084,0.3,-1.203972804,0.977848535,1.089873417721519,1.5824232210823213
1.3,39.3,35.0,0.2,114.1541685,0.119561037,-2.123928269,0.91595724,1.0961904761904762,1.5824232210823213
1.0,36.5,25.0,0.5,116.658664,0.5,-0.693147181,0.696563051,1.069,1.5824232210823213
1.5,38.8,20.0,0.6,128.108364,0.783598944,-0.243857941,1.074814227,1.089873417721519,1.5824232210823213
1.38,36.4,48.0,0.64,109.6321728,0.223592593,-1.497929663,0.97102089,1.0607142857142857,1.5824232210823213
1.4,32.0,35.0,1.0,103.8455298,0.657754547,-0.418923446,1.017609295,1.069,1.5824232210823213
,35.0,20.0,0.3,109.382781,0.381688121,-0.963151441,,1.0748235294117647,1.5824232210823213
1.2,34.3,30.0,0.78,111.0795604,0.620840417,-0.476681208,0.879504671,1.0748235294117647,1.5824232210823213
1.2,39.8,20.0,0.05,110.8596779,0.065750765,-2.72188398,0.913385848,1.089873417721519,1.5824232210823213
1.49,39.4,25.0,0.15,116.3752903,0.15,-1.897119985,1.077558245,1.0961904761904762,1.5824232210823213
1.0,35.6,30.0,0.67,114.1039796,0.528693111,-0.637347147,0.701675001,1.069,1.5824232210823213
1.26,38.5,20.0,0.08,110.332773,0.104264416,-2.260825145,0.962922638,1.0748235294117647,1.5824232210823213
1.2,33.7,35.0,1.2,110.878174,0.77193325,-0.258857197,0.852380359,1.0748235294117647,1.5824232210823213
1.44,34.0,25.0,0.42,106.8240211,0.42,-0.867500568,1.021516774,1.089873417721519,1.5824232210823213
1.4,36.2,20.0,0.9,122.6102857,1.154557992,0.14371758,1.01242831,1.069,1.5824232210823213
1.1,33.8,25.0,1.0,113.3657555,1.0,0.0,0.778251758,1.0607142857142857,1.5824232210823213
,31.8,30.0,0.78,102.8328178,0.631253908,-0.460047108,,1.0607142857142857,1.5824232210823213
1.4,32.8,25.0,0.47,103.7343612,0.47,-0.755022584,1.043253207,1.069,1.5824232210823213
,35.2,30.0,1.37,118.7315215,1.08394007,0.080602616,,1.0607142857142857,1.5824232210823213
1.3,32.0,100.0,14.0,107.6979405,1.045433867,0.044431983,0.948148165,1.069,1.5824232210823213
1.4,33.0,35.0,1.5,110.461804,0.97379965,-0.026549695,1.007628286,1.0748235294117647,1.5824232210823213
1.4,29.0,35.0,1.5,97.48111274,1.026151848,0.025815736,1.014191586,1.069,1.5824232210823213
1.3,32.0,35.0,2.1,110.0141148,1.381284549,0.323013899,0.954683319,1.0748235294117647,1.5824232210823213
1.4,40.0,22.0,0.09,115.504267,0.106040949,-2.243929947,0.983544717,1.0748235294117647,1.5824232210823213
0.54,34.0,25.0,0.04,87.27431337,0.04,-3.218875825,0.382130621,1.069,1.5824232210823213
1.0,33.9,60.0,4.0,113.2818375,0.950816301,-0.050434399,0.730227323,1.089873417721519,1.5824232210823213
0.8,34.5,40.0,0.11,91.81921006,0.056476225,-2.873935528,0.572735415,1.069,1.5824232210823213
1.3,36.1,22.0,0.48,116.2083531,0.556579623,-0.585945041,0.943795367,1.0961904761904762,1.5824232210823213
1.2,38.2,25.0,0.8,126.2681768,0.8,-0.223143551,0.899160207,1.0961904761904762,1.5824232210823213
1.2,32.4,25.0,1.1,109.4625565,1.1,0.09531018,0.897335113,1.0607142857142857,1.5824232210823213
0.8,40.0,50.0,3.6,134.4314133,1.0331017,0.032565636,0.580085478,1.089873417721519,1.5824232210823213
0.6,41.0,20.0,0.84,138.4105381,1.113771093,0.107751639,0.433814117,1.089873417721519,1.5824232210823213
0.6,44.0,20.0,0.72,147.3625736,0.974571677,-0.02575721,0.4336933,1.089873417721519,1.5824232210823213
0.7,38.0,20.0,0.23,117.4073514,0.298730701,-1.208212776,0.507223235,1.069,1.5824232210823213
0.6,38.0,20.0,0.65,126.0448734,0.844238939,-0.169319722,0.433451665,1.0961904761904762,1.5824232210823213
0.9,29.0,20.0,17.0,122.481251,20.75425,3.032751045,0.652858994,1.089873417721519,1.5824232210823213
1.0,47.0,50.0,1.1,146.2357166,0.253720385,-1.371522466,0.724925422,1.0748235294117647,1.5824232210823213
1.0,41.0,50.0,0.9,126.0000797,0.250339338,-1.38493793,0.724997756,1.069,1.5824232210823213
0.9,43.0,20.0,0.17,131.9502548,0.228529358,-1.476090595,0.652257696,1.089873417721519,1.5824232210823213
1.4,33.5,22.0,0.7,110.5361572,0.803071259,-0.219311828,1.010007724,1.089873417721519,1.5824232210823213
1.4,32.9,22.0,1.0,111.4687447,1.144425634,0.134902881,1.018591899,1.069,1.5824232210823213
1.4,38.4,22.0,1.1,130.8957613,1.287580936,0.252765215,1.023495141,1.0607142857142857,1.5824232210823213
1.4,34.2,22.0,0.8,114.0180338,0.920433834,-0.082910161,1.004776178,1.0961904761904762,1.5824232210823213
0.7,42.0,20.0,0.17,128.5390319,0.226962334,-1.482971206,0.505779582,1.089873417721519,1.5824232210823213
0.8,34.0,20.0,0.18,101.7244726,0.227442533,-1.480857675,0.578455089,1.0961904761904762,1.5824232210823213
0.9,38.0,20.0,0.11,111.2748365,0.142871205,-1.945811719,0.651656397,1.069,1.5824232210823213
1.0,42.3,30.0,0.06,116.1437397,0.045281366,-3.094859684,0.724125256,1.0748235294117647,1.5824232210823213
0.8,42.7,101.0,5.0,127.5064735,0.151139641,-1.889551097,0.608886262,1.0748235294117647,1.5824232210823213
0.9,32.0,35.0,1.1,104.6379538,0.723530002,-0.323613266,0.67111484,1.0748235294117647,1.5824232210823213
1.1,36.9,22.0,0.55,120.0506638,0.639842931,-0.446532553,0.807747987,1.0748235294117647,1.5824232210823213
1.1,42.0,250.0,5.0,93.66402436,0.00342168,-5.677623666,0.739517624,1.069,1.5824232210823213
1.1,35.5,22.0,0.62,116.3033592,0.717148819,-0.332471902,0.802366026,1.0961904761904762,1.5824232210823213
1.1,33.0,35.0,1.8,111.9776544,1.168559579,0.155771862,0.81298623,1.089873417721519,1.5824232210823213
1.8,30.1,-40.0,0.1,109.9573783,2.952549887,1.082669165,1.310410211,1.069,1.5824232210823213
0.8,26.8,20.0,1.3,93.60211256,1.563246303,0.446764623,0.569188338,1.0607142857142857,1.5824232210823213
1.0,26.0,20.0,1.6,92.59948091,1.913433934,0.648899499,0.706073221,1.0961904761904762,1.5824232210823213
0.8,23.2,20.0,2.0,84.90330769,2.346153882,0.852777341,0.55163217,1.069,1.5824232210823213
1.0,45.0,40.0,0.15,127.9281445,0.062870558,-2.766677309,0.723724764,1.0748235294117647,1.5824232210823213
0.62,42.7,22.0,0.7,141.7067484,0.833944667,-0.181588226,0.452745755,1.0748235294117647,1.5824232210823213
1.0,26.4,20.0,1.4,92.85376885,1.678868997,0.518120351,0.771130017,1.089873417721519,1.5824232210823213
1.1,25.7,20.0,6.5,103.23089,7.75729634,2.048633864,0.827026444,1.069,1.5824232210823213
1.2,27.9,20.0,10.0,114.3171781,12.11632992,2.494554123,0.891071147,1.0961904761904762,1.5824232210823213
1.33,27.8,30.0,18.0,115.7347874,14.96030812,2.705400569,0.97552905,1.0607142857142857,1.5824232210823213
0.8,40.0,20.0,0.49,130.5180125,0.645244817,-0.438125473,0.580802005,1.0607142857142857,1.5824232210823213
0.8,19.3,23.0,25.0,91.93192294,26.34967783,3.271456048,0.595379638,1.089873417721519,1.5824232210823213
1.26,20.5,23.0,6.0,84.11865132,6.344630911,1.847608929,0.913490079,1.069,1.5824232210823213
1.4,29.0,20.0,10.0,118.0695234,12.20838236,2.502122794,1.019773707,1.0607142857142857,1.5824232210823213
0.64,34.9,20.0,3.2,128.7223008,4.068539591,1.403284112,0.473960304,1.0961904761904762,1.5824232210823213
1.1,26.9,20.0,10.0,110.9059552,12.03324833,2.487673512,0.802795802,1.089873417721519,1.5824232210823213
0.9,33.7,20.0,0.9,114.0822284,1.13486767,0.126516054,0.631697913,1.089873417721519,1.5824232210823213
0.73,32.2,31.0,28.0,133.5732928,21.67052756,3.07595316,0.466379824,1.0607142857142857,1.5824232210823213
1.1,24.3,21.0,6.0,97.50788592,6.855586068,1.925063804,0.659449462,1.0607142857142857,1.5824232210823213
1.1,22.4,20.0,20.0,101.3183879,23.33274984,3.149857946,0.674029087,1.069,1.5824232210823213
1.0,40.8,60.0,3.0,131.6013943,0.532300026,-0.630547989,0.58565314,1.089873417721519,1.5824232210823213
2.0,40.0,25.0,0.004,88.2543534,0.004,-5.521460918,0.840200842,3.761904761904762,1.5824232210823213
3.1,101.0,216.0,0.1,187.3365711,1.23e-08,-18.21219546,1.996585281,3.7884615384615383,1.5824232210823213
2.7,76.2,312.0,4.5,142.7281584,1.27e-06,-13.57297761,0.992019909,3.7884615384615383,1.5824232210823213
3.5,70.5,295.0,4.0,135.6128206,5.4e-06,-12.12934923,1.289550027,3.761904761904762,1.5824232210823213
2.9,62.5,300.0,2.5,116.6646843,1.39e-05,-11.18108794,1.08303786,3.761904761904762,1.5824232210823213
3.8,65.0,341.0,9.0,124.1054107,1.24e-05,-11.29466704,1.30155684,3.7884615384615383,1.5824232210823213
3.8,73.0,337.0,4.2,131.5742317,1.21e-06,-13.62362303,1.091372241,3.761904761904762,1.5824232210823213
3.9,67.3,323.0,4.9,126.1042051,6.26e-06,-11.98210197,1.407172356,3.6576923076923076,1.5824232210823213
3.9,63.1,301.0,3.2,119.5722144,1.55e-05,-11.07342578,1.383359163,3.7884615384615383,1.5824232210823213
2.6,63.2,335.0,11.0,123.8582124,2.5e-05,-10.5982609,0.68617793,3.761904761904762,1.5824232210823213
4.5,76.0,450.0,16.0,128.1475051,2.39e-07,-15.24600912,1.675754098,3.761904761904762,1.5824232210823213
6.2,79.5,375.0,8.0,139.9456,2.41e-07,-15.23890829,1.729178993,3.4384615384615387,1.5824232210823213
4.2,67.0,300.0,4.5,129.4029839,1.05e-05,-11.46431254,1.699592932,3.761904761904762,1.5824232210823213
3.4,69.0,300.0,3.0,129.5213704,4.75e-06,-12.25689376,1.358248197,3.6576923076923076,1.5824232210823213
4.8,76.0,302.0,5.5,146.3129886,2.13e-06,-13.06112386,1.802355985,3.4384615384615387,1.5824232210823213
4.9,76.0,300.0,1.6,136.5082258,6.54e-07,-14.24040883,1.812571343,3.4384615384615387,1.5824232210823213
6.2,77.0,300.0,4.5,146.8504235,1.52e-06,-13.39989312,2.354014561,3.761904761904762,1.5824232210823213
5.1,68.0,308.0,5.0,130.3905007,7.9e-06,-11.74894742,1.757608661,3.4384615384615387,1.5824232210823213
2.6,29.1,300.0,3.7,61.64973629,0.013244053,-4.324206689,1.007921596,3.6576923076923076,1.5824232210823213
2.8,26.6,300.0,4.5,58.91532793,0.026132724,-3.644566965,1.051951095,3.761904761904762,1.5824232210823213
2.6,72.9,295.0,6.0,143.2081585,5.11e-06,-12.18399113,0.990045414,3.7884615384615383,1.5824232210823213
2.8,63.0,330.0,11.0,124.3881115,2.88e-05,-10.45384432,1.056503816,3.761904761904762,1.5824232210823213
3.0,72.0,330.0,3.0,128.5073275,1.25e-06,-13.58909011,1.122515999,3.7241379310344827,1.5824232210823213
3.2,76.0,330.0,3.0,135.1391769,5.55e-07,-14.40507357,1.188159391,3.7241379310344827,1.5824232210823213
5.5,77.2,450.0,25.0,133.5174138,2.81e-07,-15.0842262,2.010380798,3.6576923076923076,1.5824232210823213
3.7,82.0,320.0,1.7,142.656691,1.22e-07,-15.92135256,1.349958794,3.4384615384615387,1.5824232210823213
3.5,90.0,327.0,2.0,155.7254452,2.33e-08,-17.5767668,1.191894966,3.6576923076923076,1.5824232210823213
2.9,62.4,250.0,1.0,119.2774539,1.99e-05,-10.82649149,1.040627035,3.7884615384615383,1.5824232210823213
3.3,61.5,246.0,1.0,118.462872,2.59e-05,-10.56139758,1.22987691,3.7241379310344827,1.5824232210823213
3.4,84.0,327.0,3.0,149.099046,1.18e-07,-15.95330743,1.193552035,3.4384615384615387,1.5824232210823213
3.2,58.0,250.0,1.0,110.8668642,4.26e-05,-10.06308504,1.162759207,3.761904761904762,1.5824232210823213
3.5,59.8,340.0,10.0,116.6732113,4.15e-05,-10.09085483,1.404032096,3.6576923076923076,1.5824232210823213
1.0,38.1,79.0,0.3,98.18251026,0.028414516,-3.56085515,0.793940358,1.3634146341463413,1.5824232210823213
0.3,24.0,22.0,1.2,82.83043622,1.324097312,0.280730954,0.360388247,1.2933333333333334,1.5824232210823213
1.1,35.8,50.0,2.0,116.5474013,0.654330721,-0.424142366,0.90422068,1.3634146341463413,1.5824232210823213
1.4,42.7,50.0,0.3,122.1267573,0.079134538,-2.536605867,1.19485148,1.2933333333333334,1.5824232210823213
1.0,47.1,150.0,0.4,103.68986,0.00146026,-6.529140724,0.826807259,1.2513513513513514,1.5824232210823213
1.3,29.6,50.0,8.0,108.8871366,3.17608424,1.155649067,1.084608592,1.2513513513513514,1.5824232210823213
0.8,50.4,0.0,2.0,148.0,,-2.530914829,0.631209777,1.305263157894737,1.5824232210823213
1.3,39.8,50.0,0.2,109.7814953,0.057753907,-2.85156428,1.123926924,1.2513513513513514,1.5824232210823213
0.8,42.9,150.0,1.15,102.5444915,0.006925264,-4.972579134,0.669630856,1.302325581395349,1.5824232210823213
1.5,23.8,-40.0,1.2,103.5960563,17.44467119,2.859034226,1.296754895,1.305263157894737,1.5824232210823213
0.9,40.0,100.0,6.0,122.0924709,0.234213493,-1.451522214,0.72781258,1.2513513513513514,1.5824232210823213
1.0,33.6,300.0,5.6,72.94675243,0.008389418,-4.780784175,0.799730236,1.305263157894737,1.5824232210823213
1.4,45.0,150.0,3.0,115.4793049,0.014066162,-4.263983246,1.176363481,1.2513513513513514,1.5824232210823213
1.0,50.4,150.0,0.18,104.849593,0.000443459,-7.720905427,0.813654902,1.302325581395349,1.5824232210823213
1.1,36.7,50.0,5.0,126.9506724,1.590518527,0.464060081,0.910179864,1.305263157894737,1.5824232210823213
0.8,51.7,0.0,0.3,138.0,,-4.258115544,0.627355163,1.302325581395349,1.5824232210823213
1.2,36.0,100.0,6.0,111.3729211,0.323940946,-1.127194046,1.029406163,1.2933333333333334,1.5824232210823213
1.0,44.6,150.0,0.63,101.5585401,0.003098109,-5.776963478,0.832895723,1.2933333333333334,1.5824232210823213
1.6,43.5,20.0,0.6,144.1411117,0.809353845,-0.211519072,1.070992769,1.2513513513513514,1.5824232210823213
1.9,35.4,20.0,0.7,117.7918393,0.893060156,-0.113101336,1.092196118,1.2513513513513514,1.5824232210823213
1.9,30.0,20.0,0.4,94.71850087,0.491706925,-0.70987242,1.164309465,1.2513513513513514,1.5824232210823213
1.8,30.0,20.0,0.4,94.71850087,0.491706925,-0.70987242,0.964372827,1.2513513513513514,1.5824232210823213
1.8,32.3,20.0,1.0,110.1825004,1.248875711,0.222243715,1.118305934,1.2513513513513514,1.5824232210823213
1.8,32.3,20.0,1.3,112.3638386,1.623538424,0.48460798,1.091466342,1.305263157894737,1.5824232210823213
1.8,33.0,20.0,2.5,120.1885433,3.137263347,1.143350874,1.108538621,1.3634146341463413,1.5824232210823213
2.4,64.2,170.0,0.4,137.2537527,8.35e-05,-9.390499077,1.534970092,1.2933333333333334,1.5824232210823213
0.6,39.7,0.0,2.0,151.1043234,8.662055824,2.158952087,0.482004713,1.305263157894737,1.5824232210823213
1.0,32.0,20.0,5.9,123.9163696,7.353172724,1.995131883,0.881249461,1.3634146341463413,1.5824232210823213
3.6,80.9,330.0,8.0,151.4179629,5.44e-07,-14.42382407,1.32941581,1.305263157894737,1.5824232210823213
0.9,80.3,160.0,0.014,149.8954914,5.77e-07,-14.36489587,0.324669474,1.3634146341463413,1.5824232210823213
1.2,56.7,125.0,0.9,141.5326559,0.002879121,-5.850270119,0.938532717,1.302325581395349,1.5824232210823213
1.3,54.5,20.0,0.29,175.6197651,0.421944669,-0.86288109,1.04873791,1.305263157894737,1.5824232210823213
1.1,54.6,150.0,2.0,134.7951939,0.002987051,-5.813468734,0.851275886,1.3634146341463413,1.5824232210823213
1.3,54.2,100.0,0.02,112.7247182,0.000246865,-8.306669687,1.037845678,1.305263157894737,1.5824232210823213
0.6,59.4,69.0,0.2,160.2269439,0.009177601,-4.690989466,0.48978332,1.305263157894737,1.5824232210823213
1.1,40.4,50.0,2.0,130.7822767,0.566824974,-0.56770471,0.89545558,1.3634146341463413,1.5824232210823213
1.4,46.9,75.0,0.6,130.4649639,0.039635255,-3.228036274,1.182263266,1.2513513513513514,1.5824232210823213
1.1,48.0,150.0,0.23,101.2158325,0.000754257,-7.189777873,0.900546851,1.302325581395349,1.5824232210823213
0.9,47.0,40.0,0.007,108.834248,0.002822734,-5.870049446,0.954161857,1.305263157894737,1.5824232210823213
2.9,47.0,50.0,0.8,143.5880416,0.184523916,-1.689976197,1.263551122,1.302325581395349,1.5824232210823213
1.3,38.0,20.0,0.25,118.1005994,0.324707284,-1.124831167,0.857093812,1.3634146341463413,1.5824232210823213
0.5,39.4,426.0,1.5,59.7252457,0.000164796,-8.710803081,0.321450128,1.2513513513513514,1.5824232210823213
0.4,53.3,398.0,0.3,69.40590656,1.94e-06,-13.15384628,0.26334791,1.3634146341463413,1.5824232210823213
1.5,44.0,75.0,0.45,119.7433865,0.035165029,-3.347703189,1.00354059,1.302325581395349,1.5824232210823213
0.5,35.0,60.0,0.8,103.2025308,0.181501415,-1.706491829,0.338936035,1.305263157894737,1.5824232210823213
1.2,152.0,700.0,0.1,137.0497451,3.38e-20,-44.83445085,0.761684259,1.302325581395349,1.5824232210823213
1.4,47.0,60.0,0.25,129.5517209,0.034108141,-3.378219191,1.015443331,1.2513513513513514,1.5824232210823213
,26.8,10.0,2.0,100.4124149,3.546232034,1.265885641,,1.2933333333333334,1.5824232210823213
2.0,25.8,-10.0,2.0,103.8058772,7.984086909,2.077450424,1.108674018,1.2933333333333334,1.5824232210823213
2.0,35.0,20.0,0.4,111.7746155,0.508917495,-0.675469368,1.094095198,1.2513513513513514,1.5824232210823213
1.9,33.4,20.0,1.1,114.7272696,1.384200292,0.325122567,1.025547017,1.305263157894737,1.5824232210823213
0.9,43.3,100.0,0.9,115.1631423,0.026884296,-3.616212938,0.693507805,1.3634146341463413,1.5824232210823213
0.6,38.2,81.0,0.6,103.616814,0.052466742,-2.94757579,0.62305775,1.3487500000000001,1.5824232210823213
0.6,29.6,30.0,0.26,86.44164714,0.213520723,-1.544021389,0.620980676,1.305952380952381,1.5824232210823213
0.7,32.6,50.0,0.32,91.40850557,0.115688462,-2.156854373,0.735278704,1.305952380952381,1.5824232210823213
,31.6,50.0,1.4,100.5848889,0.522182232,-0.649738648,,1.3487500000000001,1.5824232210823213
0.6,33.0,30.0,0.17,94.12467056,0.136486856,-1.991526958,0.663823417,1.1636363636363636,1.5824232210823213
0.7,34.2,30.0,0.13,95.85271754,0.103542273,-2.267775313,0.743008525,1.3487500000000001,1.5824232210823213
0.5,34.6,100.0,0.07,70.61459482,0.004233616,-5.464698693,0.534353314,1.3617021276595744,1.5824232210823213
0.5,37.4,50.0,0.04,88.97348103,0.012449185,-4.3861001,0.515208959,1.305952380952381,1.5824232210823213
0.5,37.4,80.0,0.4,98.28581996,0.038157144,-3.266042266,0.548210098,1.3487500000000001,1.5824232210823213
0.5,30.7,25.0,0.1,83.82424597,0.1,-2.302585093,0.542505763,1.1636363636363636,1.5824232210823213
0.5,30.8,30.0,0.16,86.36349438,0.13035242,-2.037513572,0.529223498,1.1636363636363636,1.5824232210823213
0.7,36.0,30.0,0.056,94.78833079,0.044071823,-3.121934624,0.743622982,1.3487500000000001,1.5824232210823213
0.5,30.8,25.0,0.1,84.15964761,0.1,-2.302585093,0.524998155,1.3617021276595744,1.5824232210823213
0.5,29.8,80.0,4.0,95.90927822,0.615101763,-0.485967556,0.506856303,1.1636363636363636,1.5824232210823213
0.6,28.4,30.0,0.7,90.71754302,0.579471779,-0.545638317,0.621933656,1.3238095238095238,1.5824232210823213
0.6,29.2,30.0,0.58,91.79300448,0.47758484,-0.73901346,0.635171445,1.1636363636363636,1.5824232210823213
2.8,34.0,40.0,4.0,120.1000375,2.073619216,0.729295494,1.476712426,1.1636363636363636,1.5824232210823213
,52.7,25.0,0.03,147.6025862,0.03,-3.506557897,,1.305952380952381,1.5824232210823213
,44.7,25.0,0.03,120.7704547,0.03,-3.506557897,,1.3617021276595744,1.5824232210823213
,50.6,25.0,0.06,146.3220876,0.06,-2.813410717,,1.305952380952381,1.5824232210823213
3.3,42.9,40.0,4.5,149.5001889,1.964228239,0.675099414,1.722064089,1.3238095238095238,1.5824232210823213
,48.6,25.0,0.04,136.2429533,0.04,-3.218875825,,1.3617021276595744,1.5824232210823213
,48.5,25.0,0.08,141.6704875,0.08,-2.525728644,,1.3617021276595744,1.5824232210823213
3.7,43.2,80.0,9.3,140.8683171,0.616228709,-0.484137104,1.939932366,1.3487500000000001,1.5824232210823213
0.9,47.2,77.0,0.26,123.5995872,0.015378198,-4.174804513,0.81862536,1.3617021276595744,1.5824232210823213
0.9,47.2,77.0,0.45,128.1604517,0.026616111,-3.626238561,0.825997113,1.1636363636363636,1.5824232210823213
,5.1,25.0,3800.0,85.63707067,3800.0,8.242756346,,1.3238095238095238,1.5824232210823213
0.8,25.4,0.0,5.0,106.3703228,12.77203067,2.547257677,0.844385041,1.3238095238095238,1.5824232210823213
0.3,46.0,50.0,0.002,90.6795146,0.000475934,-7.650231539,0.318976155,1.3487500000000001,1.5824232210823213
0.7,21.4,30.0,6.3,85.89473841,5.463894095,1.69816174,0.709016955,1.3487500000000001,1.5824232210823213
0.7,31.0,50.0,2.7,104.1887355,1.026101235,0.025766411,0.740550695,1.1636363636363636,1.5824232210823213
0.5,24.8,0.0,0.3,80.78258347,0.749532003,-0.288306263,0.555999093,1.3487500000000001,1.5824232210823213
0.8,28.4,30.0,4.8,106.7247174,3.973520768,1.379652545,0.845790931,1.3617021276595744,1.5824232210823213
0.3,30.7,80.0,3.0,96.06593587,0.435964504,-0.830194452,0.344146726,1.3238095238095238,1.5824232210823213
,27.2,20.0,4.0,104.3111353,4.823245123,1.573446964,,1.3617021276595744,1.5824232210823213
,29.4,50.0,6.8,106.9170207,2.716575225,0.999371979,,1.3238095238095238,1.5824232210823213
0.7,32.4,30.0,0.3,96.86776195,0.241822634,-1.419550737,0.742394068,1.1636363636363636,1.5824232210823213
0.1,17.0,25.0,0.6,52.77119393,0.6,-0.510825624,0.111900771,1.3238095238095238,1.5824232210823213
0.4,30.7,80.0,1.8,91.81885042,0.261578702,-1.341020075,0.452257921,1.305952380952381,1.5824232210823213
0.4,25.9,25.0,0.35,78.14063759,0.35,-1.049822124,0.443823811,1.3238095238095238,1.5824232210823213
0.4,27.2,100.0,2.3,79.81787738,0.253466802,-1.372522422,0.412799834,1.3238095238095238,1.5824232210823213
0.4,37.8,100.0,0.16,86.06337174,0.007465352,-4.897482655,0.444428587,1.305952380952381,1.5824232210823213
2.3,29.7,50.0,50.0,124.432964,19.78867116,2.98510961,1.193290514,1.1636363636363636,1.5824232210823213
3.4,60.0,110.0,1.8,161.483585,0.008380138,-4.781890883,1.757271435,1.1636363636363636,1.5824232210823213
2.2,219.0,800.0,0.2,190.6910014,3.91e-29,-65.41113753,2.036725936,1.1636363636363636,1.5824232210823213
3.2,52.98,,,145.1,0.021249848,-3.851405525,1.752087433,1.5824232210823213,1.5824232210823213
1.5,36.51,,,112.6,0.320558835,-1.137689446,1.134017832,1.5824232210823213,1.5824232210823213
3.2,42.23,,,132.3,0.343601398,-1.068273019,1.762243621,1.5824232210823213,1.5824232210823213
1.3,32.83,,,104.3,0.518801844,-0.656233272,0.967753626,1.5824232210823213,1.5824232210823213
1.3,30.4,,,101.6,0.996152949,-0.00385447,0.927800707,1.5824232210823213,1.5824232210823213
3.4,42.9,,,148.0,1.734454519,0.550692966,1.776567635,1.5824232210823213,1.5824232210823213
,29.7,,,107.7,2.749244481,1.01132614,,1.5824232210823213,1.5824232210823213
,24.3,,,92.28,3.773595219,1.328028186,,1.5824232210823213,1.5824232210823213
3.0,40.32,,,147.0,4.339950546,1.467862953,1.65570347,1.5824232210823213,1.5824232210823213
1.3,27.1,,,105.0,5.65230817,1.732063987,0.851231053,1.5824232210823213,1.5824232210823213
1.4,21.0,,,85.0,5.926100553,1.779366417,0.883165192,1.5824232210823213,1.5824232210823213
,25.89,,,106.9,11.55536386,2.447149733,,1.5824232210823213,1.5824232210823213
,28.2,,,115.3,12.53613086,2.528614944,,1.5824232210823213,1.5824232210823213
,24.6,,,108.6,23.81578583,3.170348631,,1.5824232210823213,1.5824232210823213
2.5,26.8,,,118.3,31.57636591,3.452408926,1.658023165,1.5824232210823213,1.5824232210823213
,19.26,,,93.66,33.80666249,3.520657898,,1.5824232210823213,1.5824232210823213
2.2,24.8,,,113.0,37.30599485,3.619154034,1.132068052,1.5824232210823213,1.5824232210823213
2.5,26.19,,,122.0,62.974491,4.14272974,1.286433466,1.5824232210823213,1.5824232210823213
1.8,22.3,,,109.0,63.01154205,4.143317917,1.22529471,1.5824232210823213,1.5824232210823213
1.55,23.4,,,115.0,83.318363,4.422668969,0.802384676,1.5824232210823213,1.5824232210823213
,19.32,,,101.6,85.75949534,4.451546813,,1.5824232210823213,1.5824232210823213
,18.32,,,101.0,119.2821164,4.781491413,,1.5824232210823213,1.5824232210823213
2.1,19.6,,,106.0,130.0843717,4.868183253,1.098067366,1.5824232210823213,1.5824232210823213
1.7,21.5,,,119.7,314.8175759,5.751993347,1.163705803,1.5824232210823213,1.5824232210823213
2.4,17.2,,,117.0,1282.185912,7.156321644,1.290325867,1.5824232210823213,1.5824232210823213
2.2,61.8,315.0,0.17,88.0,5.88e-07,-14.35,2.059482293,1.1636363636363636,1.5824232210823213
1.5,67.6,311.0,0.05,90.3,7.48e-08,-16.41,1.068629442,1.3487500000000001,1.5824232210823213
1.8,59.1,326.0,0.25,87.4,1.63e-06,-13.33,1.761703238,1.305952380952381,1.5824232210823213
1.1,42.7,311.0,5.3,88.4,0.00137,-6.59,0.490426318,1.1636363636363636,1.5824232210823213
1.25,56.1,301.0,0.8,92.1,9.6e-06,-11.55,1.003727895,1.305952380952381,1.5824232210823213
3.0,47.1,100.0,0.2,122.0,0.0132,-4.33,1.869407984,1.3238095238095238,1.5824232210823213
3.1,67.0,220.0,,157.0,0.00029,-8.14,2.028205481,1.305952380952381,1.5824232210823213
2.6,48.6,62.5,,154.0,0.339,-1.08,1.594561846,1.1636363636363636,1.5824232210823213
3.1,49.0,50.0,,154.0,0.288,-1.24,1.914815894,1.305952380952381,1.5824232210823213
2.8,39.0,50.0,,134.0,1.47,0.38,1.707158799,1.1636363636363636,1.5824232210823213
1.8,23.0,50.0,,93.0,6.73,1.91,1.034974027,1.1636363636363636,1.5824232210823213
2.05,26.0,50.0,,98.0,3.66,1.3,1.183899531,1.3487500000000001,1.5824232210823213
2.1,25.0,50.0,,92.0,2.66,0.98,1.214274715,1.1636363636363636,1.5824232210823213
2.2,28.0,50.0,,100.0,2.08,0.73,1.274552423,1.3238095238095238,1.5824232210823213
1.5,23.0,58.0,,109.0,46.1,3.83,0.811991733,1.3487500000000001,1.5824232210823213
2.023679685,35.2,,,106.7,0.255005951,-1.366468397,1.07,1.5961923150331754,1.5824232210823213
1.931901785,17.7,,,103.8,209.3912921,5.344204713,1.03,1.5961923150331754,1.5824232210823213
2.099682789,22.8,,,112.0,71.74473147,4.273114423,1.07,1.5991348325406698,1.5824232210823213
1.974535681,24.0,,,116.0,71.53088237,4.270129278,1.0,1.6052677485990992,1.5824232210823213
2.104901457,33.4,,,90.8,0.077871556,-2.552694529,1.04,1.5961923150331754,1.5824232210823213
2.203118672,28.1,,,128.5,61.53532473,4.119611396,1.09,1.5961923150331754,1.5824232210823213
2.354823583,22.58,,,97.8,14.21053705,2.653983735,1.21,1.5991348325406698,1.5824232210823213
2.525552191,26.5,,,122.0,53.69247997,3.983272954,1.3,1.5991348325406698,1.5824232210823213
1.920230397,21.56,,,102.98,39.98340309,3.688464445,1.0,1.5991348325406698,1.5824232210823213
1.831566671,18.7,,,116.4,636.667772,6.456247968,0.96,1.6149133823454545,1.5824232210823213
1.836981043,19.8,,,117.1,444.3894602,6.096701341,0.96,1.5961923150331754,1.5824232210823213
1.835084442,19.3,,,115.5,448.5245235,6.105963359,0.96,1.6052677485990992,1.5824232210823213
1.994213167,22.0,,,113.3,115.837446,4.752187881,1.04,1.6052677485990992,1.5824232210823213
1.612563051,16.47,,,103.75,341.8495087,5.834370607,0.84,1.5991348325406698,1.801077282
1.801077282,20.2,,,117.6,401.6088863,5.995478695,0.94,1.6149133823454545,1.612563051
1.848892533,17.2,,,119.0,1594.084841,7.374055083,0.97,1.5961923150331754,1.5824232210823213
1.852372163,19.0,,,117.9,675.625035,6.51563824,0.97,1.5991348325406698,1.5824232210823213
1.853004677,19.9,,,119.8,590.5763671,6.381098953,0.97,1.608021274184466,1.5824232210823213
2.018648275,25.52,,,111.29,21.98758394,3.090477928,1.05,1.608021274184466,1.5824232210823213
1.61800796,22.9,,,114.7,95.34596714,4.557512036,0.84,1.6149133823454545,1.5824232210823213
2.012263674,22.8,,,114.9,101.687711,4.62190646,1.05,1.6149133823454545,1.5824232210823213
1.671023426,19.6,,,106.5,134.6240274,4.902485911,0.87,1.608021274184466,1.5824232210823213
1.924542518,19.9,,,106.1,113.6765644,4.733357262,1.0,1.608021274184466,1.5824232210823213
1.713135159,14.98,,,91.25,138.6592781,4.932019687,0.89,1.608021274184466,1.5824232210823213
1.654620324,17.46,,,103.51,222.7702633,5.406141031,0.86,1.608021274184466,1.5824232210823213
1.615560106,16.67,,,101.51,240.8752646,5.484279225,0.84,1.5991348325406698,1.5824232210823213
1.387302496,13.7,,,94.14,328.9673296,5.795958444,0.72,1.5961923150331754,1.5824232210823213
1.896962486,25.1,,,108.37,18.33308942,2.908707592,0.98,1.5991348325406698,1.5824232210823213
1.931156393,25.94,,,117.99,41.5492987,3.726880643,1.0,1.5991348325406698,1.5824232210823213
1.813715388,25.1,,,114.64,38.97108771,3.66282003,0.94,1.608021274184466,1.5824232210823213
2.928933707,21.4,,,108.6,83.84275159,4.42894304,1.53,1.6052677485990992,1.5824232210823213
1.908417806,21.7,,,106.7,59.11027199,4.079404716,0.99,1.5991348325406698,1.5824232210823213
1.909965027,28.0,,,129.0,68.03945481,4.220087755,0.98,1.5961923150331754,1.5824232210823213
1.782444397,20.08,,,100.42,53.38844411,3.97759432,0.91,1.6149133823454545,1.5824232210823213
1.943071767,24.8,,,113.0,36.11078313,3.586591522,1.0,1.608021274184466,1.5824232210823213
,14.0,,,134.5,37390.12873,10.52916201,,1.5961923150331754,1.5824232210823213
1.598808176,23.6,,,94.0,5.962440784,1.785479925,0.84,1.5991348325406698,1.5824232210823213
1.880872127,24.6,,,114.1,44.68203646,3.799571552,1.0,1.608021274184466,1.5824232210823213
1.823463728,20.6,,,107.0,95.50937979,4.55922446,0.95,1.608021274184466,1.5824232210823213
1.862100132,20.6,,,107.0,95.50937979,4.55922446,0.97,1.608021274184466,1.786684451
1.786684451,19.6,,,101.2,71.16765239,4.265038395,0.93,1.6149133823454545,1.862100132
1.636341495,20.9,,,106.0,75.0332945,4.317931942,0.85,1.5991348325406698,1.5824232210823213
1.703473358,14.0,,,114.0,3176.588588,8.063563129,0.9,1.6149133823454545,1.5824232210823213
1.921246591,22.0,,,109.0,69.06260976,4.235013481,1.0,1.5961923150331754,1.5824232210823213
1.107387481,27.73,,,103.97,3.738068816,1.318569119,0.58,1.5991348325406698,1.5824232210823213
1.525245058,23.68,,,104.48,20.36199843,3.013670342,0.83,1.5991348325406698,1.5824232210823213
1.158806475,19.81,,,93.58,26.14985558,3.263843668,0.63,1.6052677485990992,1.5824232210823213
1.249596541,25.71,,,109.73,16.88129569,2.826206245,0.67,1.608021274184466,1.5824232210823213
1.575901322,25.4,,,100.28,6.13910324,1.814678679,0.83,1.6149133823454545,1.5824232210823213
1.634751154,26.63,,,117.16,28.46596976,3.34870933,0.86,1.6149133823454545,1.5824232210823213
1.577235378,21.5,,,121.0,357.8056205,5.87998988,0.83,1.6052677485990992,1.5824232210823213
1.580849798,32.55,,,101.67,0.405579874,-0.902437449,1.05,1.5961923150331754,1.5824232210823213
1.464103484,30.12,,,98.74,0.759890816,-0.274580519,0.95,1.608021274184466,1.5824232210823213
1.535179921,32.05,,,106.27,0.862877875,-0.14748211,1.01,1.5991348325406698,1.5824232210823213
1.442505814,29.79,,,104.18,1.670004926,0.512826576,0.95,1.608021274184466,1.5824232210823213
1.57118149,34.73,,,105.02,0.251847844,-1.378930168,1.03,1.608021274184466,1.5824232210823213
1.553148558,32.43,,,104.18,0.575714059,-0.552144166,1.02,1.5991348325406698,1.5824232210823213
1.574238102,36.02,,,105.02,0.149671319,-1.899313599,1.03,1.5991348325406698,1.5824232210823213
1.822678243,37.7,,,92.91,0.017711703,-4.03352969,1.19,1.5991348325406698,1.5824232210823213
1.681864001,28.5,,,103.9,2.717014138,0.999533534,1.12,1.5961923150331754,1.5824232210823213
1.453406801,33.0,,,111.4,1.090123364,0.086290868,0.94,1.6052677485990992,1.5824232210823213
1.557859699,30.2,,,98.45,0.710538914,-0.341731563,1.0,1.608021274184466,1.5824232210823213
1.523235716,20.4,,,112.0,188.9097982,5.241269643,0.97,1.6052677485990992,1.5824232210823213
1.079880909,16.8,,,118.0,1660.943628,7.41514117,0.67,1.6052677485990992,1.5824232210823213
1.421906065,31.51,,,97.91,0.392534661,-0.935130437,0.92,1.5991348325406698,1.5824232210823213
1.423618623,33.39,,,111.71,0.966813478,-0.033749689,0.92,1.608021274184466,1.5824232210823213
1.413897763,30.71,,,103.93,1.118101468,0.111632129,0.91,1.5961923150331754,1.5824232210823213
1.480947321,32.76,,,103.85,0.484346055,-0.724955637,0.95,1.608021274184466,1.5824232210823213
1.642550829,26.89,,,100.45,3.435155097,1.234062077,1.06,1.608021274184466,1.5824232210823213
1.403635738,30.67,,,102.09,0.910706612,-0.093534484,0.9,1.5991348325406698,1.5824232210823213
1.74870917,20.53,,,41.42,0.036881373,-3.300048639,1.1,1.5991348325406698,1.5824232210823213
1.51717471,31.0,,,93.3,0.276967109,-1.283856518,0.97,1.608021274184466,1.5824232210823213
1.850777544,47.2,,,115.9,0.006092286,-5.100731828,1.2,1.5961923150331754,1.5824232210823213
1.38808451,29.62,,,101.25,1.257347077,0.229004007,0.9,1.608021274184466,1.5824232210823213
1.544943189,25.77,,,80.0,0.461295068,-0.77371738,0.98,1.6052677485990992,1.5824232210823213
1.434624781,32.0,,,104.0,0.670097414,-0.400332183,0.91,1.5991348325406698,1.5824232210823213
1.285349532,27.0,,,90.0,0.935040188,-0.067165768,0.82,1.6149133823454545,1.5824232210823213
1.144078563,28.0,,,87.0,0.435446592,-0.831383125,0.73,1.5991348325406698,1.5824232210823213
1.285683609,26.0,,,77.0,0.293077479,-1.227318271,0.82,1.6149133823454545,1.5824232210823213
1.138075545,22.0,,,75.0,1.15688093,0.145727531,0.72,1.6149133823454545,1.5824232210823213
1.305194533,24.0,,,75.0,0.516299381,-0.661068486,0.83,1.5961923150331754,1.5824232210823213
1.305657772,29.0,,,77.0,0.087377952,-2.437512296,0.83,1.5961923150331754,1.5824232210823213
1.434970989,28.0,,,81.0,0.211607566,-1.553021822,0.91,1.5991348325406698,1.5824232210823213
1.392998939,24.0,,,77.0,0.656703764,-0.420522254,0.88,1.608021274184466,1.5824232210823213
1.304017752,23.0,,,76.0,0.871623807,-0.137397362,0.82,1.5991348325406698,1.5824232210823213
1.102469925,21.0,,,71.0,1.07040071,0.068033074,0.69,1.5991348325406698,1.5824232210823213
1.550516462,25.69,,,103.66,8.200674359,2.10421639,0.97,1.6052677485990992,1.5824232210823213
1.523811386,22.03,,,89.35,6.420813401,1.859544808,0.96,1.608021274184466,1.5824232210823213
1.709243907,29.7,,,97.5,0.775465318,-0.25429202,1.07,1.6149133823454545,1.5824232210823213
1.874974697,33.64,,,93.65,0.099586201,-2.30673167,1.17,1.6052677485990992,1.5824232210823213
1.892632073,29.346,,,80.26,0.112477998,-2.184997648,1.2,1.5991348325406698,1.5824232210823213
1.582184215,32.5,,,96.3,0.216940061,-1.528134182,1.0,1.5991348325406698,1.5824232210823213
1.025969979,13.5,,,53.2,2.592588166,0.952656669,0.63,1.6052677485990992,1.5824232210823213
1.527642867,26.1,,,102.8,6.267567535,1.835388326,0.97,1.6052677485990992,1.5824232210823213
1.508332187,23.5,,,105.9,25.97331873,3.257069808,0.96,1.6052677485990992,1.5824232210823213
1.64435628,33.1,,,103.8,0.419737982,-0.868124616,1.04,1.5991348325406698,1.5824232210823213
1.575802994,26.91,,,104.26,5.388325611,1.684234689,0.98,1.6052677485990992,1.5824232210823213
1.603501662,28.3,,,107.9,4.765038423,1.561305601,0.97,1.6052677485990992,1.5824232210823213
2.006634911,32.8,,,112.0,1.270149156,0.239134339,1.24,1.5991348325406698,1.5824232210823213
2.017337134,32.3,,,108.6,1.032419161,0.031904748,1.24,1.5991348325406698,1.5824232210823213
1.861551175,35.6,,,108.1,0.256803202,-1.359445237,1.15,1.6149133823454545,1.5824232210823213
1.823065656,36.4,,,113.3,0.347585904,-1.05674344,1.13,1.6149133823454545,1.5824232210823213
1.856660412,36.9,,,104.4,0.097405444,-2.328873178,1.16,1.5961923150331754,1.5824232210823213
1.802626944,39.0,,,105.0,0.044876315,-3.103845126,1.13,1.608021274184466,1.5824232210823213
1.692603175,54.8,,,153.0,0.024614389,-3.704424081,1.05,1.5991348325406698,1.5824232210823213
1.714300298,44.2,,,125.7,0.066413079,-2.711861264,1.07,1.5991348325406698,1.5824232210823213
1.794823414,41.7,,,109.1,0.024726,-3.699899972,1.13,1.5961923150331754,1.5824232210823213
1.987282112,47.6,,,133.8,0.04463655,-3.109202251,1.25,1.5961923150331754,1.5824232210823213
1.481287351,24.91,,,107.43,17.67756788,2.872296484,0.9,1.5961923150331754,1.5824232210823213
1.397819614,18.3,,,127.0,2677.134281,7.892502203,0.87,1.608021274184466,1.5824232210823213
1.777923837,35.94,,,102.51,0.114300163,-2.16892728,1.1,1.6149133823454545,1.507295386
1.507295386,34.81,,,102.62,0.182709561,-1.699857487,0.93,1.6052677485990992,1.777923837
1.477863119,24.57,,,106.09,17.25817305,2.848285831,0.92,1.6052677485990992,1.5824232210823213
1.633887281,26.42,,,104.39,6.669435465,1.897535218,0.99,1.5961923150331754,1.5824232210823213
1.586914787,18.46,,,78.1,7.00485262,1.94660314,0.94,1.5991348325406698,1.5824232210823213
1.502970732,16.0,,,117.0,2033.647913,7.617586461,0.9,1.6149133823454545,1.5824232210823213
1.179830952,23.3,,,108.0,36.24577976,3.590322954,0.67,1.608021274184466,1.5824232210823213
1.676078355,24.3,,,96.7,6.220428112,1.827838733,1.0,1.5961923150331754,1.5824232210823213
1.932346208,29.82,,,96.47,0.652736933,-0.42658109,1.15,1.608021274184466,1.5824232210823213
1.580486967,25.13,,,103.65,10.26681186,2.328916543,0.96,1.608021274184466,1.5824232210823213
1.390262325,21.9,,,103.1,35.36568134,3.565741896,0.84,1.5991348325406698,1.5824232210823213
1.60214438,38.0,,,109.94,0.12168763,-2.106297923,0.96,1.5991348325406698,1.5824232210823213
1.404027985,21.74,,,102.44,34.84484899,3.550905321,0.81,1.5961923150331754,1.5824232210823213
2.092494624,26.0,,,96.0,2.880232261,1.057870937,1.21,1.608021274184466,1.5824232210823213
2.043228337,29.0,,,100.0,1.389257424,0.328769377,1.18,1.608021274184466,1.5824232210823213
2.198854671,28.0,,,99.0,1.843920975,0.611894269,1.27,1.608021274184466,1.5824232210823213
1.995940634,29.0,,,100.0,1.389257424,0.328769377,1.15,1.608021274184466,1.5824232210823213
1.530554466,25.69,,,90.79,1.744209395,0.556301384,0.9,1.608021274184466,1.5824232210823213
1.3009254,26.8,,,112.66,15.46999972,2.738902646,0.77,1.608021274184466,1.5824232210823213
1.686987342,19.26,,,93.66,32.96130908,3.495334422,0.96,1.608021274184466,1.5824232210823213
1.602656463,24.847,,,115.33,46.89298904,3.847868177,0.91,1.6052677485990992,1.5824232210823213
1.609387908,23.989,,,108.94,30.73611832,3.425438455,0.9,1.6149133823454545,1.5824232210823213
1.594799828,23.03,,,108.96,45.3632637,3.814702608,0.91,1.5961923150331754,1.5824232210823213
0.711802228,22.87,,,106.81,37.36218473,3.620659089,0.4,1.5961923150331754,1.5824232210823213
2.094413719,31.1,,,116.0,4.079618252,1.406003418,1.2,1.6149133823454545,1.5824232210823213
1.599828766,21.38,,,103.41,45.27674416,3.812793527,0.88,1.5961923150331754,1.5824232210823213
1.612772694,20.49,,,102.79,60.17448481,4.097248422,0.88,1.608021274184466,1.5824232210823213
1.518279156,20.38,,,102.84,63.2842105,4.147635859,0.83,1.608021274184466,1.5824232210823213
1.649869313,22.67,,,104.16,29.44767422,3.382614933,0.9,1.5991348325406698,1.5824232210823213
0.907183146,24.42,,,106.69,19.70671425,2.980959402,0.49,1.6149133823454545,1.5824232210823213
1.632873693,24.41,,,104.84,15.83920376,2.762488118,0.89,1.608021274184466,1.5824232210823213
1.508214484,22.2,,,103.9,34.49936737,3.540940987,0.82,1.6052677485990992,1.5824232210823213
1.662106188,21.7,,,100.9,29.42429349,3.381820642,0.94,1.6052677485990992,1.5824232210823213
1.675719058,22.035,,,110.3,79.61874872,4.377249602,0.92,1.6052677485990992,1.5824232210823213
1.60053071,24.7,,,112.4,34.97968462,3.554767454,0.87,1.6052677485990992,1.5824232210823213
1.775446426,23.7,,,106.4,25.44519096,3.236526765,0.99,1.6149133823454545,1.5824232210823213
1.35332442,22.6,,,106.2,38.71433523,3.656209951,0.79,1.5961923150331754,1.5824232210823213
1.601256699,25.4,,,112.7,27.34327966,3.308470783,0.87,1.5991348325406698,1.5824232210823213
1.60236042,26.7,,,115.0,21.34209768,3.060681539,0.87,1.6149133823454545,1.5824232210823213
1.882425418,26.2,,,115.2,26.74734367,3.286435166,1.04,1.6052677485990992,1.5824232210823213
1.428411209,24.3,,,109.2,27.97336158,3.331252685,0.81,1.5961923150331754,1.5824232210823213
1.525942358,26.3,,,113.8,21.70869785,3.077713003,0.84,1.5961923150331754,1.5824232210823213
1.803335368,26.6,,,112.1,15.67754295,2.752229303,0.98,1.5991348325406698,1.694798278
1.694798278,26.6,,,112.1,15.67754295,2.752229303,0.92,1.6149133823454545,1.803335368
1.840106691,25.3,,,112.1,26.48680577,3.276646714,1.0,1.5961923150331754,1.5824232210823213
2.027646395,26.2,,,114.0,23.15260791,3.142107427,1.1,1.608021274184466,1.5824232210823213
1.471983898,19.62,,,101.91,76.88911716,4.342364347,0.8,1.6052677485990992,1.5824232210823213
1.851359057,26.61,,,109.68,11.67131803,2.457134382,1.02,1.5961923150331754,1.5824232210823213
1.314890867,21.17,,,102.63,44.86661953,3.803694078,0.72,1.5991348325406698,1.5824232210823213
1.987131197,28.87,,,112.97,6.966782068,1.941153435,1.1,1.5961923150331754,1.5824232210823213
1.90298641,28.3,,,111.8,7.616909833,2.030370754,1.05,1.6052677485990992,1.5824232210823213
2.118352567,21.45,,,91.61,10.64758276,2.365332895,1.17,1.6149133823454545,1.56586846
1.56586846,21.54,,,98.63,23.8872382,3.17334435,0.86,1.5961923150331754,2.118352567
1.80370843,17.85,,,99.25,114.0289465,4.736452333,1.01,1.608021274184466,1.80370843
1.80370843,19.7,,,109.9,194.6250145,5.271074705,1.01,1.6052677485990992,1.80370843
1.823475002,22.86,,,100.41,17.37348383,2.854945126,0.97,1.6052677485990992,1.5824232210823213
1.828403373,22.36,,,99.61,19.30618743,2.960425637,0.97,1.5991348325406698,1.5824232210823213
1.889972372,20.8,,,105.0,69.2690797,4.237998626,1.0,1.5961923150331754,1.5824232210823213
1.747845154,21.9,,,108.1,64.52853166,4.167107477,0.92,1.6052677485990992,1.5824232210823213
1.665229194,25.0,,,112.3,30.6220623,3.421720739,0.89,1.5991348325406698,1.5824232210823213
1.845124381,21.18,,,97.25,23.39660047,3.152590733,0.98,1.6149133823454545,1.5824232210823213
1.814800862,21.27,,,96.88,21.58036469,3.071783859,0.96,1.6052677485990992,1.5824232210823213
1.784230323,21.64,,,97.34,19.6455771,2.977852229,0.94,1.5991348325406698,1.5824232210823213
1.774786677,28.11,,,112.34,8.775500968,2.171963858,0.95,1.5961923150331754,1.5824232210823213
1.640689238,25.8,,,110.0,16.81672901,2.822374165,0.87,1.5991348325406698,1.5824232210823213
1.640533022,19.27,,,112.11,301.9735514,5.710339435,0.87,1.608021274184466,1.5824232210823213
1.669626123,19.39,,,111.29,260.6836802,5.563307719,0.89,1.5961923150331754,1.5824232210823213
1.715066627,16.63,,,104.17,337.0871947,5.820341635,0.91,1.608021274184466,1.5824232210823213
1.39869925,24.8,,,111.3,29.43331585,3.382127225,0.74,1.6149133823454545,1.5824232210823213
1.534301904,24.7,,,109.3,24.09298678,3.181920793,0.81,1.5961923150331754,1.5824232210823213
1.514998425,24.2,,,107.1,22.62417312,3.119018942,0.8,1.6149133823454545,1.5824232210823213
1.498817883,24.06,,,101.56,12.29486382,2.509181599,0.79,1.6149133823454545,1.5824232210823213
1.608957067,24.3,,,109.5,29.00112493,3.36733462,0.85,1.608021274184466,1.5824232210823213
1.348870141,24.0,,,107.8,26.67934645,3.283889725,0.71,1.5991348325406698,1.5824232210823213
1.295886416,28.7,,,117.5,12.86574448,2.554568313,0.68,1.5961923150331754,1.5824232210823213
1.598614371,27.8,,,108.5,6.26618975,1.835168474,0.84,1.5991348325406698,1.5824232210823213
1.318982163,29.9,,,110.2,3.295299155,1.192496954,0.69,1.5991348325406698,1.5824232210823213
1.63725406,26.3,,,111.1,15.68924725,2.752975589,0.87,1.6149133823454545,1.5824232210823213
1.659343534,27.2,,,105.9,5.838635822,1.764497177,0.87,1.6149133823454545,1.5824232210823213
1.758219287,32.7,,,99.2,0.283647858,-1.260021747,0.91,1.6149133823454545,1.5824232210823213
1.499729347,24.0,,,110.0,34.76080923,3.548490581,0.81,1.6052677485990992,1.5824232210823213
1.682209628,25.5,,,112.6,25.94823703,3.25610367,0.9,1.5991348325406698,1.5824232210823213
1.257088698,22.5,,,104.9,34.47363057,3.5401947,0.67,1.5961923150331754,1.5824232210823213
1.791785056,13.5,,,112.9,3404.868865,8.132961705,0.98,1.5961923150331754,1.5824232210823213
1.906416016,25.89,,,106.9,11.1698891,2.413221685,1.03,1.6052677485990992,1.5824232210823213
1.664965486,25.29,,,110.11,20.93321627,3.041337193,0.9,1.5961923150331754,1.5824232210823213
1.88203585,22.92,,,97.9,12.53914967,2.528855724,1.01,1.6149133823454545,1.5824232210823213
1.795142704,12.08,,,119.5,13354.24304,9.499589444,0.99,1.5961923150331754,1.5824232210823213
1.73489684,30.0,,,99.56,0.880250456,-0.127548803,0.93,1.5991348325406698,1.5824232210823213
1.048272204,47.6,,,122.4,0.011329835,-4.480315776,0.63,1.6149133823454545,1.5824232210823213
1.824832378,45.19,,,121.34,0.026367685,-3.635616079,1.2,1.6052677485990992,1.973900045
1.778730835,25.6,,,75.0,0.270764646,-1.3065053,1.19,1.5961923150331754,1.5824232210823213
1.335930883,32.3,,,112.97,1.746298258,0.557498266,0.9,1.5991348325406698,1.409103451
1.409103451,24.27,,,92.05,3.599052738,1.280670683,0.95,1.5961923150331754,1.335930883
1.479376586,28.4,,,100.8,1.948435367,0.667026675,1.0,1.6149133823454545,1.5824232210823213
1.139183015,20.02,,,88.14,12.48895101,2.524844334,0.74,1.608021274184466,1.5824232210823213
1.182362793,29.78,,,93.05,0.439648723,-0.821779227,0.78,1.6149133823454545,1.5824232210823213
1.063856543,20.73,,,88.29,9.549346428,2.256472715,0.69,1.5991348325406698,1.5824232210823213
1.257001246,19.51,,,77.54,4.287407708,1.455682286,0.81,1.6052677485990992,1.5824232210823213
1.400166856,29.5,,,94.8,0.607532364,-0.498349832,0.9,1.608021274184466,1.5824232210823213
1.110645261,29.1,,,107.6,3.328445103,1.202505259,0.72,1.608021274184466,1.837470251
1.837470251,25.2,,,92.2,2.518217984,0.923551502,1.2,1.6052677485990992,1.110645261
1.54345107,26.92,,,89.43,0.901721465,-0.103449604,1.04,1.6052677485990992,1.484969097
1.484969097,28.5,,,94.7,0.898544421,-0.106979135,1.0,1.6052677485990992,1.484969097
1.484969097,29.8,,,100.3,1.043033094,0.042132905,1.0,1.6149133823454545,1.5142100835
1.943026647,20.0,,,65.6,0.836905812,-0.178043745,1.28,1.5961923150331754,1.5824232210823213
1.519962999,32.97,,,99.16,0.253155809,-1.373750134,1.02,1.5961923150331754,1.5824232210823213
1.490604051,36.2,,,103.3,0.113177828,-2.178795,1.0,1.5961923150331754,1.5824232210823213
1.74091733,22.7,,,80.3,1.650034902,0.50079644,1.14,1.608021274184466,1.5824232210823213
1.575298983,40.17,,,121.34,0.199776093,-1.610558077,1.07,1.608021274184466,1.5824232210823213
1.687516085,49.37,,,133.89,0.022095261,-3.812392146,1.13,1.608021274184466,1.5698664975
1.496281934,39.4,,,103.6,0.032270987,-3.433586692,1.0,1.6052677485990992,1.665483573
1.643451061,36.1,,,99.0,0.070254593,-2.655629599,1.1,1.5961923150331754,1.5918990095
1.901129647,37.21,,,82.12,0.005895231,-5.133611589,1.27,1.5961923150331754,1.5824232210823213
1.309655892,45.3,,,118.9,0.018808314,-3.973456263,0.84,1.608021274184466,1.5824232210823213
1.571232984,46.5,,,130.7,0.047915746,-3.038311102,1.0,1.608021274184466,1.5824232210823213
1.816258347,37.9,,,101.2,0.04428341,-3.117145158,1.17,1.608021274184466,1.5824232210823213
1.216890399,40.74,,,127.08,0.316596478,-1.150127255,0.99,1.608021274184466,1.5824232210823213
1.663444837,25.9,,,112.5,21.81760374,3.082717155,1.18,1.6149133823454545,1.5824232210823213
1.772386803,53.14,,,121.34,0.001067292,-6.842630245,1.2,1.5991348325406698,1.772386803
1.772386803,40.4,,,121.34,0.182074448,-1.703339619,1.2,1.6052677485990992,1.772386803
1.818429234,18.0,,,51.5,0.344005145,-1.067098667,1.2,1.5991348325406698,1.5824232210823213
1.305983806,33.6,,,100.6,0.233470957,-1.454697592,0.85,1.5961923150331754,1.5824232210823213
1.463136942,32.9,,,91.3,0.101179515,-2.290858967,0.95,1.6149133823454545,1.5824232210823213
1.19511824,17.0,,,51.0,0.484888061,-0.723837216,0.75,1.6149133823454545,1.5824232210823213
0.917089081,26.7,,,109.6,11.14740473,2.411206711,0.62,1.6149133823454545,1.5824232210823213
1.370565098,24.5,,,98.3,6.955941016,1.939596117,0.93,1.6052677485990992,1.5824232210823213
1.15940268,18.3,,,51.7,0.312214931,-1.164063446,0.77,1.5961923150331754,1.27832027
1.27832027,29.4,,,104.9,2.131334784,0.756748443,0.85,1.6149133823454545,1.15940268
1.236001576,31.0,,,106.0,1.275849278,0.243612057,0.82,1.6052677485990992,1.5824232210823213
1.380847888,9.4,,,43.3,4.120129737,1.415884653,0.9,1.6149133823454545,1.5824232210823213
1.495863778,34.73,,,108.78,0.395856601,-0.926703251,1.03,1.6052677485990992,1.5824232210823213
1.207095932,23.73,,,87.22,2.50324141,0.917586456,0.82,1.5991348325406698,1.5824232210823213
1.43120096,30.12,,,89.54,0.251303681,-1.381093188,0.97,1.608021274184466,1.5824232210823213
1.474812097,36.9,,,109.3,0.175602053,-1.739534909,1.0,1.608021274184466,1.5824232210823213
0.751430713,6.8,,,32.8,3.326270659,1.201851754,0.48,1.608021274184466,1.5824232210823213
1.50162645,35.98,,,105.44,0.15998696,-1.832662969,1.03,1.6149133823454545,1.5824232210823213
1.577815952,33.05,,,96.23,0.17231653,-1.758422205,1.07,1.5961923150331754,1.5824232210823213
0.841287801,23.8,,,84.0,1.652136273,0.502069161,0.55,1.6052677485990992,0.91706713
0.91706713,18.5,,,50.0,0.234756295,-1.449207345,0.6,1.608021274184466,0.841287801
1.378816663,35.9,,,83.4,0.011664437,-4.45121061,0.92,1.5961923150331754,1.40836879
1.378816663,31.6,,,83.4,0.066099164,-2.716599174,0.92,1.5961923150331754,1.40836879
1.40836879,27.0,,,61.2,0.029274703,-3.531031515,0.94,1.5991348325406698,1.378816663
1.170021378,29.3,,,107.6,3.070454688,1.121825657,0.76,1.6149133823454545,1.5824232210823213
1.730441272,25.0,,,83.0,0.902775326,-0.102281565,1.13,1.608021274184466,1.5824232210823213
1.295235607,18.6,,,70.8,2.751465478,1.012133671,0.85,1.5961923150331754,1.325307836
1.325307836,26.4,,,92.1,1.533337268,0.427446581,0.87,1.6052677485990992,1.295235607
1.654564328,44.35,,,117.15,0.022354981,-3.800706109,1.13,1.6149133823454545,1.5824232210823213
1.236493141,21.7,,,80.3,2.469941457,0.904194449,0.79,1.6149133823454545,1.5824232210823213
1.292670693,15.89,,,65.18,4.176223464,1.429407361,0.83,1.5991348325406698,1.5824232210823213
1.083805065,42.2,,,103.8,0.010683589,-4.539046492,0.73,1.608021274184466,1.5824232210823213
1.416574568,15.0,,,47.4,0.704670883,-0.350024418,0.92,1.6149133823454545,1.5824232210823213
1.703229511,29.1,,,102.2,1.738513489,0.553030432,1.16,1.608021274184466,1.5824232210823213
1.452932823,34.31,,,109.62,0.518794893,-0.65624667,1.0,1.608021274184466,1.5824232210823213
1.812661296,42.5,,,123.6,0.102421544,-2.278658194,1.23,1.5961923150331754,1.5824232210823213
1.5883767,32.22,,,87.86,0.088011496,-2.430287841,1.07,1.5991348325406698,1.5824232210823213
1.815904225,49.37,,,101.67,0.000458481,-7.687591949,1.23,1.5961923150331754,1.5824232210823213
1.607727658,48.12,,,93.72,0.000291778,-8.139515713,1.07,1.5991348325406698,1.5824232210823213
1.734762158,29.6,,,86.0,0.202484274,-1.597093055,0.91,1.484861607734694,1.5824232210823213
1.884337122,21.0,,,117.0,270.587743,5.600596419,1.23,1.484861607734694,1.5824232210823213
1.978416054,19.0,,,95.0,43.00790257,3.761383879,1.2,1.514476886105263,1.5824232210823213
2.452151837,21.3,,,116.0,212.5769202,5.3593039,1.26,1.484861607734694,1.5824232210823213
0.0,17.2,,,117.0,1253.266787,7.133508851,0.0,1.5259483919999999,1.5824232210823213
2.137384664,20.5,,,107.8,109.4844745,4.695782754,1.1,1.5259483919999999,1.5824232210823213
1.691529151,33.984,,,107.67,0.468007248,-0.759271496,1.13,1.5259483919999999,1.5824232210823213
1.71020377,35.25,,,113.33,0.554755648,-0.589227537,1.14,1.484861607734694,1.5824232210823213
1.521564183,34.538,,,116.61,1.096899613,0.092487666,1.01,1.5259483919999999,1.5824232210823213
1.510021468,28.129,,,98.06,1.563300352,0.446799197,1.0,1.5425667501864406,1.5824232210823213
0.946623264,35.4,,,130.0,3.877596912,1.355215609,0.62,1.514476886105263,1.5824232210823213
1.564598807,31.8,,,119.0,4.412512085,1.484444161,1.03,1.484861607734694,1.5824232210823213
1.773768444,19.8,,,125.0,1149.243247,7.046858959,1.16,1.514476886105263,1.5824232210823213
1.866556318,26.8,,,118.3,30.48525187,3.417243022,1.23,1.5062574128301887,1.5824232210823213
0.931330914,12.0,,,47.0,2.252544263,0.812060361,0.59,1.5259483919999999,1.5824232210823213
0.902904336,11.0,,,47.0,3.371839257,1.215458369,0.57,1.484861607734694,1.5824232210823213
0.621310047,7.0,,,32.0,2.786966309,1.02495366,0.39,1.5425667501864406,1.5824232210823213
1.063326337,20.0,,,72.0,1.807065391,0.591704199,0.67,1.5062574128301887,1.5824232210823213
0.76629852,14.0,,,54.0,2.333049377,0.847176157,0.48,1.514476886105263,1.5824232210823213
1.646523657,16.5,,,124.0,3857.595226,8.25779927,1.04,1.5062574128301887,1.5824232210823213
2.146834352,15.1,,,117.0,2923.815348,7.980644668,1.23,1.484861607734694,1.5824232210823213
1.206349386,23.73,,,119.99,128.8870544,4.858936474,0.82,1.5425667501864406,1.5824232210823213
1.54649834,24.41,,,118.69,83.78640617,4.428270777,1.05,1.484861607734694,1.5824232210823213
1.636508619,24.05,,,105.01,18.69316278,2.92815783,1.11,1.5259483919999999,1.5824232210823213
1.692250291,29.19,,,114.49,7.351329703,1.994881209,1.15,1.514476886105263,1.5824232210823213
1.582937877,25.06,,,116.53,49.71328198,3.90627214,1.08,1.514476886105263,1.5824232210823213
1.776988871,31.3,,,107.58,1.367007683,0.312624178,1.21,1.5259483919999999,1.5824232210823213
1.503563689,12.64,,,83.13,134.2029657,4.899353323,1.02,1.514476886105263,1.5824232210823213
1.307158953,15.2,,,90.6,117.3422173,4.7650946,0.88,1.484861607734694,1.5824232210823213
1.254710939,15.9,,,88.5,68.72702165,4.23014245,0.84,1.5259483919999999,1.5824232210823213
1.002639825,19.3,,,90.3,21.65163196,3.075080831,0.66,1.5259483919999999,1.5824232210823213
1.414571354,19.3,,,92.4,27.87288562,3.327654375,0.93,1.5062574128301887,1.5824232210823213
0.905027989,21.4,,,92.3,11.80462313,2.468491246,0.59,1.484861607734694,1.5824232210823213
1.43119488,23.4,,,97.9,10.33178101,2.33522468,0.93,1.5062574128301887,1.5824232210823213
1.146256016,18.1,,,92.9,48.03205224,3.871868543,0.76,1.5062574128301887,1.5824232210823213
1.356047611,28.7,,,101.5,1.877983235,0.630198454,0.87,1.5062574128301887,1.5824232210823213
1.929227299,46.02,,,98.32,0.001183684,-6.739123561,1.27,1.5259483919999999,1.973900045
1.973900045,39.2,,,98.0,0.017837781,-4.026436541,1.3,1.484861607734694,1.8770298385
1.777827072,22.0,,,109.0,69.06260976,4.235013481,1.21,1.5259483919999999,0.639114274
0.639114274,23.2,,,108.0,37.73781925,3.630662755,0.43,1.484861607734694,1.777827072
1.846503599,21.8,,,121.4,332.6462868,5.807079724,1.27,1.484861607734694,1.5824232210823213
1.79995123,21.2,,,122.0,455.4483864,6.121282398,1.23,1.484861607734694,1.5824232210823213
1.786150054,18.3,,,120.0,1153.53958,7.05059039,1.19,1.484861607734694,1.5824232210823213
1.780318157,21.7,,,114.0,142.2233152,4.957398465,1.23,1.484861607734694,1.5824232210823213
1.742403699,21.6,,,114.0,148.0778672,4.997738265,1.2,1.514476886105263,1.5824232210823213
0.735489025,22.0,,,115.0,142.1172155,4.956652178,0.5,1.5062574128301887,1.747183183
1.747183183,18.7,,,111.0,332.5443189,5.806773141,1.2,1.5425667501864406,0.735489025
1.722893272,16.8,,,108.1,504.9388435,6.22443732,1.18,1.514476886105263,1.5824232210823213
1.629457317,19.6,,,112.0,260.8610916,5.56398805,1.12,1.484861607734694,1.5824232210823213
0.590897965,22.6,,,120.0,203.5636951,5.315978954,0.4,1.5425667501864406,1.723292342
1.723292342,21.5,,,119.7,306.0152167,5.723634828,1.18,1.5062574128301887,0.590897965
0.783007672,18.06,,,91.23,39.9308161,3.687148359,0.53,1.5259483919999999,1.5824232210823213
1.187884388,19.06,,,91.76,28.43142656,3.347495102,0.81,1.484861607734694,1.5824232210823213
1.772758771,21.8,,,115.8,169.6182414,5.133550273,1.21,1.5062574128301887,1.5824232210823213
1.521637889,19.97,,,92.81,22.34694643,3.106689687,1.04,1.514476886105263,1.5824232210823213
1.583460355,25.5,,,99.25,5.209362925,1.650457569,1.08,1.5425667501864406,1.5824232210823213
2.444168462,91.21,,,133.89,1.03e-09,-20.69056482,1.6,1.5259483919999999,2.785730038
2.785730038,78.0,,,88.4,8.96e-10,-20.83290118,1.83,1.5062574128301887,2.444168462
1.732640218,20.41,,,113.86,235.3193809,5.460943659,1.18,1.5259483919999999,1.5824232210823213
1.350072588,23.0,,,115.1,96.08963766,4.565281481,0.92,1.5259483919999999,1.5824232210823213
1.578589748,20.69,,,111.99,167.8518071,5.123081489,1.07,1.5425667501864406,1.5824232210823213
1.523752694,19.27,,,87.86,16.34163863,2.793716368,1.04,1.5259483919999999,1.5824232210823213
1.582370338,20.75,,,85.58,6.837790207,1.92246461,1.08,1.5062574128301887,1.5824232210823213
1.645185165,21.86,,,111.61,100.0231876,4.605402035,1.12,1.5062574128301887,1.5824232210823213
1.706725094,22.03,,,108.38,63.32892709,4.148342209,1.16,1.5425667501864406,1.5824232210823213
1.555030775,24.2,,,105.4,18.44059795,2.914554644,1.06,1.5062574128301887,1.5824232210823213
1.765202736,23.6,,,102.0,15.60614668,2.747664854,1.2,1.5259483919999999,1.5824232210823213
